-- --------------------------------------------------------
-- Host:                         127.0.0.1
-- Server version:               10.4.18-MariaDB - mariadb.org binary distribution
-- Server OS:                    Win64
-- HeidiSQL Version:             11.2.0.6213
-- --------------------------------------------------------

/*!40101 SET @OLD_CHARACTER_SET_CLIENT=@@CHARACTER_SET_CLIENT */;
/*!40101 SET NAMES utf8 */;
/*!50503 SET NAMES utf8mb4 */;
/*!40014 SET @OLD_FOREIGN_KEY_CHECKS=@@FOREIGN_KEY_CHECKS, FOREIGN_KEY_CHECKS=0 */;
/*!40101 SET @OLD_SQL_MODE=@@SQL_MODE, SQL_MODE='NO_AUTO_VALUE_ON_ZERO' */;
/*!40111 SET @OLD_SQL_NOTES=@@SQL_NOTES, SQL_NOTES=0 */;


-- Dumping database structure for db
DROP DATABASE IF EXISTS `db`;
CREATE DATABASE IF NOT EXISTS `db` /*!40100 DEFAULT CHARACTER SET utf8mb4 */;
USE `db`;

-- Dumping structure for table db.academicprogram
DROP TABLE IF EXISTS `academicprogram`;
CREATE TABLE IF NOT EXISTS `academicprogram` (
  `id` varchar(255) NOT NULL,
  `name` varchar(255) DEFAULT NULL,
  `faculty` varchar(255) DEFAULT NULL,
  `code` varchar(255) DEFAULT NULL,
  PRIMARY KEY (`id`)
) ENGINE=InnoDB DEFAULT CHARSET=utf8mb4;

-- Dumping data for table db.academicprogram: ~65 rows (approximately)
DELETE FROM `academicprogram`;
/*!40000 ALTER TABLE `academicprogram` DISABLE KEYS */;
INSERT INTO `academicprogram` (`id`, `name`, `faculty`, `code`) VALUES
	('AAGR100', 'Associate in Agriculture', 'FST', 'AAGR'),
	('AARC101', 'Assocciate in Architectural Technology', 'FST', 'AARC'),
	('ABCB102', 'Associate Degree Chemistry and Biology', 'FST', 'ABCB'),
	('ABCE103', 'Assocciate Degree in Building & Civil Engineering', 'FST', 'ABCE'),
	('ABIO104', 'Associate Degree in Biology', 'FST', 'ABIO'),
	('ABUS105', 'Assocciate in Buisness Science', 'FMSS', 'ABUS'),
	('ACHM106', 'Associate Degree in Chemistry', 'FST', 'ACHM'),
	('ACMB107', 'Associate\'s Degree in Chemistry & Math', 'FST', 'ACMB'),
	('AECE108', 'Assiocciate\'s Degree Early Chilhood', 'FEA', 'AECE'),
	('AENG109', 'Assiocciate\'s Degree in English', 'FEA', 'AENG'),
	('AINT110', 'Associate Degree in Infromation Technology', 'FST', 'AINT'),
	('AM&P111', 'Associate Degree/Physics & Mathematics', 'FST', 'AM&P'),
	('AMAT112', 'Associate Degree/Mathematics', 'FST', 'AMAT'),
	('AMEE113', 'Assocciate Degree in Eletrical Engineering', 'FST', 'AMEE'),
	('AMLT114', 'Medical Laboratory Technology', 'FNAHSW', 'AMLT'),
	('ANRM115', 'Associate in Natural Resource Management', 'FST', 'ANRM'),
	('APHA116', 'Pharmacy', 'FNAHSW', 'APHA'),
	('APRE117', 'Associate in Primary Education', 'FEA', 'APRE'),
	('ASOW118', 'Social Work', 'FNAHSW', 'ASOW'),
	('ATOS119', 'Assocciate in Tourism Studies', 'FMSS', 'ATOS'),
	('BACC120', 'Bachelor in Accounting', 'FMSS', 'BACC'),
	('BAGR121', 'Bachelor Degree Applied Agriculture', 'FST', 'BAGR'),
	('BBFN122', 'Bachelor Degree in Business Administration (Major Finance)', 'FMSS', 'BBFN'),
	('BBIE123', 'Bachelor Degree in Biology Education', 'FEA', 'BBIE'),
	('BBIO124', 'Bachelor in Biology', 'FST', 'BBIO'),
	('BBMN-FT125', 'Bachelor in Management', 'FMSS', 'BBMN-FT'),
	('BBMN-PT126', 'Bachelor Degree in Business Administration (Major Management)', 'FMSS', 'BBMN-PT'),
	('BBUE-ACC127', 'Bachelor Degree in Education -Accounting', 'FEA', 'BBUE-ACC'),
	('BBUE-IT128', 'Bachelor Degree in Business Eduaction -Inormation Technology', 'FEA', 'BBUE-IT'),
	('BBUE-MGMT129', 'Bachelor Degree in Business Education -Management', 'FEA', 'BBUE-MGMT'),
	('BCHM130', 'Bachelor Degree in Chemistry', 'FST', 'BCHM'),
	('BENE131', 'Bachelor Degree in English Eduacation', 'FEA', 'BENE'),
	('BENG132', 'Bachelor Degree in English', 'FEA', 'BENG'),
	('BHIS133', 'Bachelor Degree in History', 'FEA', 'BHIS'),
	('BHOS134', 'Bachelor Degree in Hospitality Management', 'FMSS', 'BHOS'),
	('BINT135', 'Bachelor Degree in Infromation Technology', 'FST', 'BINT'),
	('BMAB136', 'Bachelor in Marine Biology', 'FST', 'BMAB'),
	('BMAE137', 'Bachelor Degree in Mathematics Education', 'FEA', 'BMAE'),
	('BMAT138', 'Bachelor Degree Mathematics', 'FST', 'BMAT'),
	('BMKt-FT139', 'Bachelor Degree in Business Administration (Major Marketing)', 'FMSS', 'BMKt-FT'),
	('BMKt-PT140', 'Bachelor Degree in Business Administration (Major Marketing)', 'FMSS', 'BMKt-PT'),
	('BMLS141', 'Bachelor of Med. Lab. Science', 'FHS', 'BMLS'),
	('BNRM142', 'Bachelor in Natural Resource Management', 'FST', 'BNRM'),
	('BNUR143', 'Nursing', 'FNAHSW', 'BNUR'),
	('BNURS144', 'Bchelor in Nursing', 'FHS', 'BNURS'),
	('BPHA145', 'Bachelor of Pharmacy', 'FHS', 'BPHA'),
	('BPMS-FT146', 'Bachelor In Public Sector Management', 'FMSS', 'BPMS-FT'),
	('BPMS-PT147', 'Bachelor Degree in Public Sector Management', 'FMSS', 'BPMS-PT'),
	('BPRE148', 'Bachelor Degree in Primary Education', 'FEA', 'BPRE'),
	('BPSM-COHORT3149', 'Bachelor Degree in Public Sector Management (Cohort 3)', 'FMSS', 'BPSM-COHORT3'),
	('BSED150', 'Bachelor Degree in Spanihs Education', 'FEA', 'BSED'),
	('BSOW151', 'Bachelor in Social Work', 'FHS', 'BSOW'),
	('BSTA152', 'Bachelor in Statistics', 'FST', 'BSTA'),
	('BTOM153', 'Bachelor in Tourism Studies', 'FMSS', 'BTOM'),
	('CAGR154', 'Certificate In Applied Agriculture', 'FST', 'CAGR'),
	('CECE155', 'Certificate in Early Chilhood Education', 'FEA', 'CECE'),
	('CGIS156', 'Certificate In Applied Geographic Information Systems', 'FST', 'CGIS'),
	('CMID157', 'Midwifery Program Sequence/Estimate', 'FHS', 'CMID'),
	('CPED158', 'Certificate in Primary Education', 'FEA', 'CPED'),
	('CPNP159', 'Psychiatric Nurse Practitioner', 'FNAHSW', 'CPNP'),
	('CPRN160', 'Certificate in Practical Nursing', 'FHS', 'CPRN'),
	('DEDM161', 'Diploma in Education', 'FEA', 'DEDM'),
	('MBA162', 'Master Business Administration', 'FMSS', 'MBA'),
	('MBBS163', 'Bachelor of Medicine and Bachelor of Surgery ', 'FHS', 'MBBS'),
	('MEDL164', 'Master in Education Leadership', 'FEA', 'MEDL');
/*!40000 ALTER TABLE `academicprogram` ENABLE KEYS */;

-- Dumping structure for table db.coursecomments
DROP TABLE IF EXISTS `coursecomments`;
CREATE TABLE IF NOT EXISTS `coursecomments` (
  `courseid` varchar(11) NOT NULL,
  `timeStamp` timestamp NOT NULL DEFAULT current_timestamp() ON UPDATE current_timestamp(),
  `comment` text DEFAULT NULL,
  `lecturerid` int(11) DEFAULT NULL,
  KEY `lecturerid` (`lecturerid`),
  KEY `courseid` (`courseid`),
  CONSTRAINT `coursecomments_ibfk_1` FOREIGN KEY (`lecturerid`) REFERENCES `lecturer` (`id`),
  CONSTRAINT `coursecomments_ibfk_2` FOREIGN KEY (`courseid`) REFERENCES `courses` (`id`)
) ENGINE=InnoDB DEFAULT CHARSET=utf8mb4;

-- Dumping data for table db.coursecomments: ~12 rows (approximately)
DELETE FROM `coursecomments`;
/*!40000 ALTER TABLE `coursecomments` DISABLE KEYS */;
INSERT INTO `coursecomments` (`courseid`, `timeStamp`, `comment`, `lecturerid`) VALUES
	('AAGM1090', '2021-04-29 23:37:07', 'doesn\'t care about anything', 102),
	('AAGR 1152 ', '2021-04-29 23:37:37', 'the teacher doesn\'t put his part into teaching.', 124),
	('ENGL1025 ', '2021-05-03 10:23:56', 'hell earth', NULL),
	('ENGL1025 ', '2021-05-03 10:26:27', 'hell earth', NULL),
	('ENGL1025 ', '2021-05-03 10:36:00', 'Test', NULL),
	('ENGL1025 ', '2021-05-03 10:38:24', 'asddsa', NULL),
	('ENGL1025', '2021-05-03 10:45:25', 'test', 2018219416),
	('ENGL1025 ', '2021-05-03 10:57:49', 'Course is covered very well, she teaches good, a must enroll on her class', NULL),
	('ENGL1025 ', '2021-05-03 10:58:43', 'a must enroll', 2018219416),
	('ENGL1025 ', '2021-05-03 13:57:55', 'testsd', 2018219416),
	('ENGL1025 ', '2021-05-03 14:18:17', 'Test comment', 2018219416),
	('ENGL1025 ', '2021-05-03 14:18:45', 'Test comment', 2018219416),
	('ENGL1025 ', '2021-05-03 14:22:09', 'adsad sd ', 2018219416);
/*!40000 ALTER TABLE `coursecomments` ENABLE KEYS */;

-- Dumping structure for table db.courses
DROP TABLE IF EXISTS `courses`;
CREATE TABLE IF NOT EXISTS `courses` (
  `id` varchar(11) NOT NULL,
  `name` varchar(255) DEFAULT NULL,
  `semester` varchar(255) DEFAULT NULL,
  `creditHour` int(11) DEFAULT NULL,
  `courseCode` varchar(11) DEFAULT NULL,
  PRIMARY KEY (`id`)
) ENGINE=InnoDB DEFAULT CHARSET=utf8mb4;

-- Dumping data for table db.courses: ~919 rows (approximately)
DELETE FROM `courses`;
/*!40000 ALTER TABLE `courses` DISABLE KEYS */;
INSERT INTO `courses` (`id`, `name`, `semester`, `creditHour`, `courseCode`) VALUES
	('AAGM1090', 'ADVANCE AGRICULTURE MARKETING', '2', 3, 'AAGM1090'),
	('AAGR 1111 ', 'Bio of Farm and Livestock ', '2', 3, 'AAGR 1111 '),
	('AAGR 1121 ', 'Principles of Livestock Production ', '2', 3, 'AAGR 1121 '),
	('AAGR 1131 ', 'Principles of Crop Production ', '2', 3, 'AAGR 1131 '),
	('AAGR 1141 ', 'Agriculture Field Practice ', '2', 6, 'AAGR 1141 '),
	('AAGR 1152 ', 'Agriculture Field and workplace Practice II ', '2', 6, 'AAGR 1152 '),
	('AAGR 1172 ', 'Livestock Nutrition ', '2', 3, 'AAGR 1172 '),
	('AAGR 1183 ', 'Internship 10 ', '2', 10, 'AAGR 1183 '),
	('AAGR 1193 ', 'Agricultural Community Project (2 wks) ', '2', 2, 'AAGR 1193 '),
	('AAGR 1232 ', 'Introduction to Soils ', '2', 3, 'AAGR 1232 '),
	('AAGR 2211 ', 'Crop Production I ', '2', 3, 'AAGR 2211 '),
	('AAGR 2221 ', 'Agriculture Marketing and Sales ', '2', 3, 'AAGR 2221 '),
	('AAGR 2241 ', 'Senior Project I ', '2', 3, 'AAGR 2241 '),
	('AAGR 2252 ', 'Crop Production II ', '2', 3, 'AAGR 2252 '),
	('AAGR 2261 ', 'Value Added Products ', '2', 3, 'AAGR 2261 '),
	('AAGR 2271 ', 'Livestock Production I ', '2', 3, 'AAGR 2271 '),
	('AAGR 2282 ', 'Agriculture Entrepreneurship ', '2', 3, 'AAGR 2282 '),
	('AAGR 2292 ', 'Livestock Production II ', '2', 3, 'AAGR 2292 '),
	('AAGR 2342 ', 'Senior Project II ', '2', 3, 'AAGR 2342 '),
	('ABMG1210', 'Agri-Business Management ', '2', 3, 'ABMG1210'),
	('ACAD 1102L ', 'Computer Aided Drafting 1 ', '2', 2, 'ACAD 1102L '),
	('ACAD 2101L ', 'Computer Aided Drafting 2 ', '2', 2, 'ACAD 2101L '),
	('ACAD1102L ', 'Computer Aid Drafting ', '2', 2, 'ACAD1102L '),
	('ACAD2101L ', 'Computer Aid Drafting ', '2', 2, 'ACAD2101L '),
	('ACAD2202L ', 'Computer Aid Drafting ', '2', 3, 'ACAD2202L '),
	('ACTG 1014 ', 'Prins. Of Fin Actg 1 ', '2', 3, 'ACTG 1014 '),
	('ACTG 1054 ', 'Prins. Of Fin Actg 2 ', '2', 3, 'ACTG 1054 '),
	('ACTG 3051 ', 'Intermediate Actg 1 ', '2', 3, 'ACTG 3051 '),
	('ACTG 3102 ', 'Intermediate Actg 11 ', '2', 3, 'ACTG 3102 '),
	('ACTG 3151 ', 'Cost Actg 1 ', '2', 3, 'ACTG 3151 '),
	('ACTG 3202 ', 'Cost Actg 11 ', '2', 3, 'ACTG 3202 '),
	('ACTG 4011 ', 'Advance Financial Actg 1 ', '2', 3, 'ACTG 4011 '),
	('ACTG 4052 ', 'Adv. Financial Actg II ', '2', 3, 'ACTG 4052 '),
	('ACTG 4101 ', 'Not for Profit/Gov Actg ', '2', 3, 'ACTG 4101 '),
	('ACTG 4151 ', 'Auditing & Investigation ', '2', 3, 'ACTG 4151 '),
	('ACTG 4202 ', 'Auditing & Investigation II ', '2', 3, 'ACTG 4202 '),
	('ACTG1014 ', 'Principles of Accounting I ', '2', 3, 'ACTG1014 '),
	('ACTG1054 ', 'Prins. Of Fin Actg 2 ', '2', 3, 'ACTG1054 '),
	('ACTG2014 ', 'Actg. Software App. ', '2', 3, 'ACTG2014 '),
	('ACTG3015 ', 'Principles of Managerial Accounting ', '2', 3, 'ACTG3015 '),
	('ACTG51015', 'Accounting for Decision Making', '2', 3, 'ACTG51015'),
	('AGCI1209', 'Agriculture Science II ', '2', 3, 'AGCI1209'),
	('AGSC1201', 'Agriculture Science I ', '2', 3, 'AGSC1201'),
	('AHFS1030', 'ANIMAL HEALTH & FOOD SAFETY', '2', 3, 'AHFS1030'),
	('ALHL 2021 ', 'Human Anatomy & Physiology II ', '2', 3, 'ALHL 2021 '),
	('ALHL 3002 ', 'Biostatistics ', '2', 2, 'ALHL 3002 '),
	('ALHL 3052 ', 'Medical Terminology ', '2', 1, 'ALHL 3052 '),
	('ALHL 4101 ', 'Applied Research in ', '2', 2, 'ALHL 4101 '),
	('ALHL 5301', 'Occupational Health ', '2', 2, 'ALHL 5301'),
	('ALHL 5351', 'Bio-Ethics ', '2', 1, 'ALHL 5351'),
	('ALHL1024 ', 'Health Education Course ', '2', 3, 'ALHL1024 '),
	('ALHL2012 ', 'Human Anatomy and Physiology ', '2', 3, 'ALHL2012 '),
	('ALHL2021 ', 'Human Anatomy and Physiology II ', '2', 3, 'ALHL2021 '),
	('ALHL2905 ', 'Biostatistics for Health Profesional ', '2', 3, 'ALHL2905 '),
	('ALHL2951 ', 'Comprehensive Sexuality Education ', '2', 3, 'ALHL2951 '),
	('ALHL3012 ', 'Pathology ', '2', 3, 'ALHL3012 '),
	('ALHL3904 ', 'Research Methods for Health\nProfessionals', '2', 3, 'ALHL3904 '),
	('ANPD1211', 'Animal Production ', '2', 3, 'ANPD1211'),
	('ARCH1201 ', 'Bulding Service ', '2', 2, 'ARCH1201 '),
	('ARCH1301 ', 'Constructiopn Drafting ', '2', 3, 'ARCH1301 '),
	('ARCH1352 ', 'Construction Drafting ', '2', 3, 'ARCH1352 '),
	('ARCH1401 ', 'Into to Arch Drawing. ', '2', 3, 'ARCH1401 '),
	('ARCH1452 ', 'Architectural Drafting ', '2', 2, 'ARCH1452 '),
	('ARCH2401 ', 'Special Arch. Problem ', '2', 2, 'ARCH2401 '),
	('ARCH2452 ', 'Apec. Arch. Problem ', '2', 2, 'ARCH2452 '),
	('ARCH2552 ', 'Environmental Science ', '2', 3, 'ARCH2552 '),
	('ARCH2993 ', 'Internship (practicum) ', '2', 3, 'ARCH2993 '),
	('ATH 4151 ', 'PROBABILITY & STATISTICS p II ', '2', 3, 'ATH 4151 '),
	('BAEP1050', 'BIOMETRICS: Agriculture\nExperimentation', '2', 3, 'BAEP1050'),
	('BCOM2014 ', 'Business Comm. ', '2', 3, 'BCOM2014 '),
	('BHAP5052', 'Board Review', '2', 2, 'BHAP5052'),
	('BIOL 1015 ', 'General Biology I ', '2', 3, 'BIOL 1015 '),
	('BIOL 1015L ', 'General Biology Lab I ', '2', 1, 'BIOL 1015L '),
	('BIOL 1025 ', 'General Biology II ', '2', 3, 'BIOL 1025 '),
	('BIOL 1025L ', 'General Biology Lab II ', '2', 1, 'BIOL 1025L '),
	('BIOL 3352L ', 'Natural History of Vertebrates Lab ', '2', 1, 'BIOL 3352L '),
	('BIOL 340L', 'General Microbiology Lab 1 ', '2', 1, 'BIOL 340L'),
	('BIOL 4992 ', 'Thesis Research ', '2', 6, 'BIOL 4992 '),
	('BIOL1015 ', 'General Biology I ', '2', 3, 'BIOL1015 '),
	('BIOL1015L ', 'General Biology I lab ', '2', 1, 'BIOL1015L '),
	('BIOL1025 ', 'General Biology II ', '2', 3, 'BIOL1025 '),
	('BIOL1025L ', 'General Biology II lab ', '2', 1, 'BIOL1025L '),
	('BIOL1102 ', 'Genetics ', '2', 3, 'BIOL1102 '),
	('BIOL1151 ', 'Cytology ', '2', 3, 'BIOL1151 '),
	('BIOL1151L ', 'Cytology Lab ', '2', 1, 'BIOL1151L '),
	('BIOL1201 ', 'Applied Biochemistry ', '2', 3, 'BIOL1201 '),
	('BIOL1201L ', 'Biochemistry lab ', '2', 1, 'BIOL1201L '),
	('BIOL1302 ', 'Biodiversity ', '2', 3, 'BIOL1302 '),
	('BIOL1302L ', 'Biodiversity Lab ', '2', 1, 'BIOL1302L '),
	('BIOL1332 ', 'Reproduction, Growth &Development ', '2', 3, 'BIOL1332 '),
	('BIOL1332L ', 'Reproduction, Growth &\nDevelopment Lab ', '2', 1, 'BIOL1332L '),
	('BIOL1342L', 'Reproduction, Growth &Development\nLab ', '2', 1, 'BIOL1342L'),
	('BIOL2151 ', 'Plant Physiology* ', '2', 2, 'BIOL2151 '),
	('BIOL2351 ', 'Genetics & Evolution ', '2', 3, 'BIOL2351 '),
	('BIOL2352 ', 'Animal Physiology* ', '2', 3, 'BIOL2352 '),
	('BIOL2401L ', 'Plant Physiology, Genetics & Evolution\nLab*', '2', 1, 'BIOL2401L '),
	('BIOL2402 ', 'Ecology ', '2', 3, 'BIOL2402 '),
	('BIOL2552L ', 'Animal Physiology & Ecology Lab* ', '2', 1, 'BIOL2552L '),
	('BIOL3151 ', 'Natural History of Invertebrates & Lab ', '2', 4, 'BIOL3151 '),
	('BIOL3151L', 'Natural History of\nInvertebrates Lab ', '2', 1, 'BIOL3151L'),
	('BIOL3201 ', 'Oceanography ', '2', 3, 'BIOL3201 '),
	('BIOL3251 ', 'Biochemistry I ', '2', 3, 'BIOL3251 '),
	('BIOL3251L ', 'Biochemistry I Lab ', '2', 1, 'BIOL3251L '),
	('BIOL3302 ', 'Lower Plants & Lab ', '2', 4, 'BIOL3302 '),
	('BIOL3302L ', 'Lower Plants Lab ', '2', 1, 'BIOL3302L '),
	('BIOL3352 ', 'Natural History of Vertebrates ', '2', 3, 'BIOL3352 '),
	('BIOL3362 ', 'Biochemistry & Molecular Biology & Lab ', '2', 4, 'BIOL3362 '),
	('BIOL3362L ', 'Biochemistry & Molecular Biology\nLab ', '2', 1, 'BIOL3362L '),
	('BIOL3402 ', 'General Microbiology Lab ', '2', 4, 'BIOL3402 '),
	('BIOL3402L ', 'General Microbiology lab ', '2', 1, 'BIOL3402L '),
	('BIOL3452 ', 'Seminar 1 ', '2', 1, 'BIOL3452 '),
	('BIOL4151 ', 'Higher Plants & Lab ', '2', 4, 'BIOL4151 '),
	('BIOL4151L', ' Higher Plants Lab ', '2', 1, 'BIOL4151L'),
	('BIOL4301 ', 'Environmental Microbiology ', '2', 3, 'BIOL4301 '),
	('BIOL4352 ', 'Ecology & Evolution Lab ', '2', 4, 'BIOL4352 '),
	('BIOL4352L ', 'Ecology & Evolution Lab ', '2', 1, 'BIOL4352L '),
	('BIOL4402 ', 'Fish Biology andFisheries*** ', '2', 3, 'BIOL4402 '),
	('BIOL4402L ', 'Fisheries Biology Lab ', '2', 1, 'BIOL4402L '),
	('BIOL4451 ', 'Entomology** ', '2', 3, 'BIOL4451 '),
	('BIOL4451L ', 'Entomology Lab** ', '2', 1, 'BIOL4451L '),
	('BIOL4501 ', 'Plant Biotechnology ', '2', 3, 'BIOL4501 '),
	('BIOL4501L ', 'Plant Biotechnology Lab ', '2', 1, 'BIOL4501L '),
	('BIOL4551L ', 'Ecology & Evolution Lab ', '2', 1, 'BIOL4551L '),
	('BIOL4601 ', 'Animal Behavior** ', '2', 3, 'BIOL4601 '),
	('BIOL4602', 'Intro. Plant Pathology and Crop Protection*** ', '2', 3, 'BIOL4602'),
	('BIOL4602L', 'Intro. Plant Pathology and Crop Protection Lab', '2', 1, 'BIOL4602L'),
	('BLAW 2014 ', 'Business Law ', '2', 3, 'BLAW 2014 '),
	('BLAW2014 ', 'Business Law ', '2', 3, 'BLAW2014 '),
	('BLAW5102', 'Business & Administrative Law', '2', 3, 'BLAW5102'),
	('BLDG1101 ', 'Geometry ', '2', 2, 'BLDG1101 '),
	('BLDG1151 ', 'Masonry ', '2', 2, 'BLDG1151 '),
	('BLDG1201 ', 'Carpentry & Joinery ', '2', 2, 'BLDG1201 '),
	('BLDG1202L ', 'Carpentry & Joinery (Practical) ', '2', 2, 'BLDG1202L '),
	('BLDG1252 ', 'Plumbing ', '2', 2, 'BLDG1252 '),
	('BLDG1401 ', 'Intro. Bld Const & Drawing I ', '2', 3, 'BLDG1401 '),
	('BLDG1452 ', 'Bld Const & Drawing II \nAlgebra I ', '2', 3, 'BLDG1452 '),
	('BLDG2301 ', 'Measurement and estimating ', '2', 3, 'BLDG2301 '),
	('BLDG2352 ', 'Measurement and Estimating ', '2', 3, 'BLDG2352 '),
	('BLDG2401 ', 'Bld Const & Drawing III ', '2', 3, 'BLDG2401 '),
	('BMLS2052 ', 'Introduction to Medical Laboratory\nScience LAB', '2', 3, 'BMLS2052 '),
	('BMLS2052L ', 'Introduction to Medical Laboratory\nLAB', '2', 1, 'BMLS2052L '),
	('BMLS3051 ', 'Clinical Immunology ', '2', 2, 'BMLS3051 '),
	('BMLS3051L ', 'Clinical Immunology lab ', '2', 1, 'BMLS3051L '),
	('BMLS3101 ', 'Instrumentation in Medical Laboratory Science', '2', 2, 'BMLS3101 '),
	('BMLS3101L', 'Instrumentation in Medical Laboratory Science LAB', '2', 1, 'BMLS3101L'),
	('BMLS3151 ', 'Urinalysis and body fluids ', '2', 2, 'BMLS3151 '),
	('BMLS3151L ', 'Urinalysis and body fluids lab ', '2', 1, 'BMLS3151L '),
	('BMLS3201 ', 'Medical parasitology ', '2', 2, 'BMLS3201 '),
	('BMLS3202L', ' Medical parasitology lab ', '2', 1, 'BMLS3202L'),
	('BMLS3251 ', 'Histopathology ', '2', 2, 'BMLS3251 '),
	('BMLS3251L', ' Histopathology lab', '2', 1, 'BMLS3251L'),
	('BMLS3302 ', 'Applied Clinical Hematology I ', '2', 3, 'BMLS3302 '),
	('BMLS3302L ', 'Applied Clinical Hematology LAB ', '2', 1, 'BMLS3302L '),
	('BMLS3352 ', 'Applied Clinical\nImmunohematology I ', '2', 2, 'BMLS3352 '),
	('BMLS3352L ', 'Applied Clinical\nImmunohematology I LAB ', '2', 1, 'BMLS3352L '),
	('BMLS3402 ', 'Applied Clinical Chemistry I ', '2', 3, 'BMLS3402 '),
	('BMLS3402L ', 'Applied Clinical Chemistry 1 LAB ', '2', 1, 'BMLS3402L '),
	('BMLS3452 ', 'Applied Clinical Microbiology I ', '2', 3, 'BMLS3452 '),
	('BMLS3452L ', 'Applied Clinical Microbiology I\nLAB ', '2', 1, 'BMLS3452L '),
	('BMLS3502 ', 'Molecular Methods ', '2', 3, 'BMLS3502 '),
	('BMLS3553 ', 'Laboratory Management ', '2', 2, 'BMLS3553 '),
	('BMLS3993 ', 'Clinical internship I ', '2', 3, 'BMLS3993 '),
	('BMLS4051 ', 'Applied Clinical Hematology II ', '2', 3, 'BMLS4051 '),
	('BMLS4051L ', 'Applied Clinical Hematology II\nLAB ', '2', 1, 'BMLS4051L '),
	('BMLS4101 ', 'Applied Clinical\nImmunohematology II ', '2', 2, 'BMLS4101 '),
	('BMLS4101L ', 'Applied Clinical\nImmunohematology II LAB ', '2', 1, 'BMLS4101L '),
	('BMLS4151 ', 'Applied Clinical Chemistry II ', '2', 3, 'BMLS4151 '),
	('BMLS4151L ', 'Applied Clinical Chemistry II LAB ', '2', 1, 'BMLS4151L '),
	('BMLS4201 ', 'Applied Clinical Microbiology II ', '2', 3, 'BMLS4201 '),
	('BMLS4201L ', 'Applied Clinical Microbiology II\nLAB ', '2', 1, 'BMLS4201L '),
	('BMLS4251 ', 'Supervised Clinical research ', '2', 2, 'BMLS4251 '),
	('BPHA3051 ', 'Introduction to Pharmaceutical Science', '2', 3, 'BPHA3051 '),
	('BPHA3101 ', 'Pharmacy Calculations ', '2', 3, 'BPHA3101 '),
	('BPHA3151 ', 'Pharmaceutical Microbiology ', '2', 3, 'BPHA3151 '),
	('BPHA3202 ', 'Pharmacology I ', '2', 3, 'BPHA3202 '),
	('BPHA3252 ', 'Pharmaceutics ', '2', 3, 'BPHA3252 '),
	('BPHA3302 ', 'Pharmacognosy ', '2', 3, 'BPHA3302 '),
	('BPHA3352 ', 'Pharmaceutical Chemistry ', '2', 3, 'BPHA3352 '),
	('BPHA4051 ', 'Therapeutics I ', '2', 3, 'BPHA4051 '),
	('BPHA4101 ', 'Pharmacology II', '2', 3, 'BPHA4101 '),
	('BPHA4151 ', 'Dispensing I ', '2', 3, 'BPHA4151 '),
	('BPHA4201 ', 'Pharmacy Law and Ethics ', '2', 2, 'BPHA4201 '),
	('BPHA4251 ', 'Pharmacokinetics ', '2', 3, 'BPHA4251 '),
	('BPHA4301 ', 'Patient Counselling and Physical\nAssessment ', '2', 3, 'BPHA4301 '),
	('BPHA4352 ', 'Therapeutics II ', '2', 3, 'BPHA4352 '),
	('BPHA4402 ', 'Pharmacy Management ', '2', 3, 'BPHA4402 '),
	('BPHA4452 ', 'Pharmacology III ', '2', 3, 'BPHA4452 '),
	('BPHA4502 ', 'Dispensing II ', '2', 3, 'BPHA4502 '),
	('BPHA4552 ', 'Toxicology ', '2', 2, 'BPHA4552 '),
	('BPHA4602 ', 'Pharmaceutical Analysis and Quality\nControl ', '2', 2, 'BPHA4602 '),
	('BPHA4652', 'Elective (Veterinary Pharmacy;\nNutrition in Pharmacy; Sterile\nTechnology ', '2', 2, 'BPHA4652'),
	('BPHA4803 ', 'Therapeutics Rounds ', '2', 2, 'BPHA4803 '),
	('BPHA5991 ', 'Supervised Internship I', '2', 8, 'BPHA5991 '),
	('BPHA5992 ', 'Supervised Internship II', '2', 8, 'BPHA5992 '),
	('BUSS 4015 ', 'Public Finance ', '2', 3, 'BUSS 4015 '),
	('CCPR1012', 'CLIMATE CHANGE: Principles & Resilient Pathways', '2', 3, 'CCPR1012'),
	('CGIS 3501 ', 'Introduction to Geostatistics ', '2', 3, 'CGIS 3501 '),
	('CGIS 3552 ', 'GIS Programming ', '2', 3, 'CGIS 3552 '),
	('CGIS 3652 ', 'Advanced Geostatistics ', '2', 3, 'CGIS 3652 '),
	('CGIS 3702 ', 'Applications in GIS ', '2', 3, 'CGIS 3702 '),
	('CGIS 3992 ', 'GIS Independent Research ', '2', 6, 'CGIS 3992 '),
	('CGIS3451 ', 'Remote Sensing ', '2', 3, 'CGIS3451 '),
	('CGIS3601 ', 'Web GIS ', '2', 3, 'CGIS3601 '),
	('CHEM 1014 ', 'General Chemistry ', '2', 4, 'CHEM 1014 '),
	('CHEM 1015L ', 'General Chemistry I Lab ', '2', 1, 'CHEM 1015L '),
	('CHEM 1042 ', 'Chemistry for Engineers ', '2', 2, 'CHEM 1042 '),
	('CHEM 2302 ', 'Industrial and Environmental\nChemistry ', '2', 3, 'CHEM 2302 '),
	('CHEM1015 ', 'General Chemistry I ', '2', 3, 'CHEM1015 '),
	('CHEM1015L ', 'General Chemistry I lab ', '2', 1, 'CHEM1015L '),
	('CHEM1025 ', 'General Chemistry II ', '2', 3, 'CHEM1025 '),
	('CHEM1025L ', 'General Chemistry II Lab ', '2', 1, 'CHEM1025L '),
	('CHEM1032 ', 'Intro to Oragnic and Biochemistry ', '2', 3, 'CHEM1032 '),
	('CHEM1032L ', 'Organic Chemistry & Biochemistry Lab 1 ', '2', 1, 'CHEM1032L '),
	('CHEM1161 ', 'General Chemistry I ', '2', 3, 'CHEM1161 '),
	('CHEM1161L ', 'General Chemistry for Majors (I)\nLab ', '2', 1, 'CHEM1161L '),
	('CHEM1201 ', 'General Chemistry for Major (I) ', '2', 4, 'CHEM1201 '),
	('CHEM1201L ', 'General Chemistry for Major (I) Lab ', '2', 1, 'CHEM1201L '),
	('CHEM1212 ', 'General Chemistry for Major (II) ', '2', 4, 'CHEM1212 '),
	('CHEM1212L ', 'General Chemistry for Major (II) Lab ', '2', 1, 'CHEM1212L '),
	('CHEM1252 ', 'Organic Chemistry (I) ', '2', 3, 'CHEM1252 '),
	('CHEM1252L ', 'Organic Chemistry (1) Lab ', '2', 1, 'CHEM1252L '),
	('CHEM2151 ', 'Introduction to Inorganic Chemistry ', '2', 4, 'CHEM2151 '),
	('CHEM2151L ', 'Introduction to Inorganic Chemistry\nLab ', '2', 1, 'CHEM2151L '),
	('CHEM2161 ', 'Introduction to Inorganic Chemistry ', '2', 4, 'CHEM2161 '),
	('CHEM2161L ', 'Introduction to Inorganic Chemistry Lab ', '2', 1, 'CHEM2161L '),
	('CHEM2201 ', 'Organic Chemistry II ', '2', 3, 'CHEM2201 '),
	('CHEM2201L ', 'Organic Chemistry II Lab ', '2', 1, 'CHEM2201L '),
	('CHEM3201 ', 'Analytical Chemistry ', '2', 3, 'CHEM3201 '),
	('CHEM3201L ', 'Analytical Chemistry Lab ', '2', 1, 'CHEM3201L '),
	('CHEM3202 ', 'Inorganic Chemistry ', '2', 3, 'CHEM3202 '),
	('CHEM3252 ', 'Advanced Organic Chemistry ', '2', 3, 'CHEM3252 '),
	('CHEM3352 ', 'Soil Chemistry* ', '2', 3, 'CHEM3352 '),
	('CHEM3401 ', 'Industrial Chemistry ', '2', 3, 'CHEM3401 '),
	('CHEM3402 ', 'Food Chemistry* ', '2', 3, 'CHEM3402 '),
	('CHEM3451 ', 'Seminar I ', '2', 1, 'CHEM3451 '),
	('CHEM3452L ', 'Applied Chemistry Laboratory I\n(Soil and Food Chemistry)* ', '2', 1, 'CHEM3452L '),
	('CHEM3502 ', 'Seminar II ', '2', 1, 'CHEM3502 '),
	('CHEM4201 ', 'Physical Chemistry I ', '2', 3, 'CHEM4201 '),
	('CHEM4251 ', 'Instrumental Analysis ', '2', 3, 'CHEM4251 '),
	('CHEM4301 ', 'Pesticides Management* ', '2', 3, 'CHEM4301 '),
	('CHEM4351 ', 'Forensic Chemistry* ', '2', 3, 'CHEM4351 '),
	('CHEM4401L', 'Applied Chemistry Laboratory II\n(Pesticides Management and\nForensic Chemistry)*', '2', 1, 'CHEM4401L'),
	('CHEM4452 ', 'Physical Chemistry II ', '2', 3, 'CHEM4452 '),
	('CHEM4492 ', 'Thesis Research ', '2', 6, 'CHEM4492 '),
	('CHEM4502 ', 'Environmental and Green Chemistry ', '2', 3, 'CHEM4502 '),
	('CIVL 2993 ', 'Internship (Practicum) ', '2', 3, 'CIVL 2993 '),
	('CIVL1101 ', 'Prop. Of Material ', '2', 2, 'CIVL1101 '),
	('CIVL1152 ', 'Prop. Of material ', '2', 2, 'CIVL1152 '),
	('CIVL1202 ', 'Elementary Surveying ', '2', 2, 'CIVL1202 '),
	('CIVL1252 ', 'Mechanics ', '2', 2, 'CIVL1252 '),
	('CIVL2101 ', 'Properties of Materials ', '2', 2, 'CIVL2101 '),
	('CIVL2152 ', 'Prop. Of Material ', '2', 2, 'CIVL2152 '),
	('CIVL2201 ', 'Elementary Surveying 2 ', '2', 2, 'CIVL2201 '),
	('CIVL2451 ', 'Structures ', '2', 4, 'CIVL2451 '),
	('CIVL2502 ', 'Structures ', '2', 4, 'CIVL2502 '),
	('CMPPS2131', 'Data Structures', '2', 3, 'CMPPS2131'),
	('CMPS 1024 ', 'Computer Business Application ', '2', 3, 'CMPS 1024 '),
	('CMPS 1124 ', 'Programming I ', '2', 3, 'CMPS 1124 '),
	('CMPS 2122 ', 'Programming II ', '2', 3, 'CMPS 2122 '),
	('CMPS 3012 ', 'Mgmt Info System ', '2', 3, 'CMPS 3012 '),
	('CMPS1004 ', 'Introduction to Computer Studies ', '2', 3, 'CMPS1004 '),
	('CMPS1014 ', 'Introduction to Computer Studies ', '2', 3, 'CMPS1014 '),
	('CMPS1024 ', 'Computer Bus Appl ', '2', 3, 'CMPS1024 '),
	('CMPS1124 ', 'PROGRAMMING I ', '2', 3, 'CMPS1124 '),
	('CMPS1131 ', 'Programming I ', '2', 3, 'CMPS1131 '),
	('CMPS1134 ', 'Fundamentals of Computing ', '2', 3, 'CMPS1134 '),
	('CMPS1171 ', 'Introduction to Databases ', '2', 3, 'CMPS1171 '),
	('CMPS1191 ', 'Networking Fundamentals ', '2', 3, 'CMPS1191 '),
	('CMPS1211 ', 'Hardware Fundamentals ', '2', 3, 'CMPS1211 '),
	('CMPS1232 ', 'Principles of Programming II ', '2', 3, 'CMPS1232 '),
	('CMPS2111 ', 'Systems Analysis & Design ', '2', 3, 'CMPS2111 '),
	('CMPS2122 ', 'PROGRAMMING II ', '2', 3, 'CMPS2122 '),
	('CMPS2131 ', 'Data Structures ', '2', 3, 'CMPS2131 '),
	('CMPS2151 ', 'Web Application Development ', '2', 3, 'CMPS2151 '),
	('CMPS2212 ', 'GUI Programming ', '2', 3, 'CMPS2212 '),
	('CMPS2232 ', 'Object Oriented Systems Development ', '2', 3, 'CMPS2232 '),
	('CMPS2242 ', 'Systems Programming &Computer\nOrganization ', '2', 3, 'CMPS2242 '),
	('CMPS2992 ', 'Project ', '2', 3, 'CMPS2992 '),
	('CMPS3012 ', 'Management Information Systems ', '2', 3, 'CMPS3012 '),
	('CMPS3051 ', 'Telecommunication Systems ', '2', 3, 'CMPS3051 '),
	('CMPS3111 ', 'Programming Languages ', '2', 3, 'CMPS3111 '),
	('CMPS3141 ', 'Human Computer Interface ', '2', 3, 'CMPS3141 '),
	('CMPS3151 ', 'Telecommunications Systems ', '2', 3, 'CMPS3151 '),
	('CMPS3162 ', 'Advanced Databases ', '2', 3, 'CMPS3162 '),
	('CMPS3171 ', 'Network Design ', '2', 3, 'CMPS3171 '),
	('CMPS3232 ', 'System Administration ', '2', 3, 'CMPS3232 '),
	('CMPS3252 ', 'Algorithms ', '2', 3, 'CMPS3252 '),
	('CMPS4111 ', 'Database Management Systems 2 ', '2', 3, 'CMPS4111 '),
	('CMPS4131 ', 'Software Engineering ', '2', 3, 'CMPS4131 '),
	('CMPS4151 ', 'Network Engineering ', '2', 3, 'CMPS4151 '),
	('CMPS4991 ', 'Senior Seminar in Information\nTechnology ', '2', 3, 'CMPS4991 '),
	('CMPS4992 ', 'Professional Practice ', '2', 12, 'CMPS4992 '),
	('CMPS5103', 'Technology and Information Management', '2', 3, 'CMPS5103'),
	('CNFU1000', 'CROP NUTRITION & FERTILIZER USE ', '2', 3, 'CNFU1000'),
	('CSAD1013', 'CLIMATE SMART AGRICULTURE: Adaptation', '2', 3, 'CSAD1013'),
	('DUC3103 ', 'Early Childhood Education ', '2', 3, 'DUC3103 '),
	('DUC4995 ', 'Internship ', '2', 9, 'DUC4995 '),
	('EART2153', 'Art Education or Music Education', '2', 3, 'EART2153'),
	('ECED 1051 ', 'Foundations of Early Childhood Education ', '2', 3, 'ECED 1051 '),
	('ECED 1101 ', 'Early Childhood Development and Behavior Guidance ', '2', 3, 'ECED 1101 '),
	('ECED 1151 ', 'Early Intervention for Children with Special Needs ', '2', 3, 'ECED 1151 '),
	('ECED 2152 ', 'Curriculum, Instruction & Assessment in the EC Classroom ', '2', 3, 'ECED 2152 '),
	('ECED 2202 ', 'Foundations of Literacy Development in EC Education ', '2', 3, 'ECED 2202 '),
	('ECED 2252 ', 'Science Concepts and Methods for the EC Classroom ', '2', 3, 'ECED 2252 '),
	('ECED 2302 ', 'Language Arts and Literature for Young Children ', '2', 3, 'ECED 2302 '),
	('ECED 3351 ', 'Practicum: Lower Primary ', '2', 1, 'ECED 3351 '),
	('ECED 3401 ', 'Instructional Resources for EC Classroom ', '2', 3, 'ECED 3401 '),
	('ECED 3451 ', 'Creative Expression in the EC Classroom ', '2', 3, 'ECED 3451 '),
	('ECED 3552 ', 'Math Concepts and Methods for the EC Classroom ', '2', 3, 'ECED 3552 '),
	('ECED 3602 ', 'Social Studies Concepts and Methods ', '2', 3, 'ECED 3602 '),
	('ECED 3653 ', 'Field Experience for EC Teachers', '2', 9, 'ECED 3653 '),
	('ECED1051', 'Foundations of Early Chilhood and Education', '2', 3, 'ECED1051'),
	('ECED1101', 'Early Chilhood Development and Behaviour Guidance', '2', 3, 'ECED1101'),
	('ECED1151', 'Early Intervention for Children with Special Needs', '2', 3, 'ECED1151'),
	('ECED1152', 'Implementing the Integrated Early Chilhood Curriculum', '2', 3, 'ECED1152'),
	('ECED1202', 'Assesment and Evaluation in ECE ', '2', 3, 'ECED1202'),
	('ECED1253', 'Family, School and Community Relations Family, School and Community Relations', '2', 3, 'ECED1253'),
	('ECED2151', 'Science Inquiry and Early Math Concepts and Methods', '2', 3, 'ECED2151'),
	('ECED2201', 'Language Development for Early Years', '2', 3, 'ECED2201'),
	('ECED2251', 'Guidance for the Young Children', '2', 3, 'ECED2251'),
	('ECED2302', 'Language Arts and Literature for Young Children', '2', 3, 'ECED2302'),
	('ECED2312', 'Emergent Literacy', '2', 3, 'ECED2312'),
	('ECED2321', 'Practism: General', '2', 1, 'ECED2321'),
	('ECED2352', 'Prcticum: Preschool', '2', 1, 'ECED2352'),
	('ECED3351', 'Practicum: Lower Primary', '2', 1, 'ECED3351'),
	('ECED3401', 'Intructional Resources for EC Classroom', '2', 3, 'ECED3401'),
	('ECED3451', 'Creative Expression for EC Classroom', '2', 3, 'ECED3451'),
	('ECED3602', 'Social Studies Methods for the EC Classroom', '2', 3, 'ECED3602'),
	('ECED3653', 'Field Experience for EC Teachers', '2', 9, 'ECED3653'),
	('ECON 1014 ', 'Intro to Economics ', '2', 3, 'ECON 1014 '),
	('ECON 2015 ', 'Principles of Economics ', '2', 3, 'ECON 2015 '),
	('ECON 4015 ', 'Managerial Economics ', '2', 3, 'ECON 4015 '),
	('ECON1014 ', 'Introduction to Economics ', '2', 3, 'ECON1014 '),
	('ECON2015 ', 'Principles of Economics ', '2', 3, 'ECON2015 '),
	('ECON4015 ', 'Managerial Economics ', '2', 3, 'ECON4015 '),
	('ECON5152', 'Global Buisness & Economic', '2', 3, 'ECON5152'),
	('EDLD 5013 ', 'Scholarly Writing Seminar ', '2', 4, 'EDLD 5013 '),
	('EDLD 5021 ', 'FOUNDATIONS OF EDUCATIONAL LEADERSHIP ', '2', 4, 'EDLD 5021 '),
	('EDLD 5022', 'ISSUES AND TRENDS IN BELIZE’S EDUCATION SYSTEM', '2', 4, 'EDLD 5022'),
	('EDLD 5031 ', 'Curriculum Leadership ', '2', 4, 'EDLD 5031 '),
	('EDLD 5032 ', 'QUALITATIVE APPROACH TO RESEARCH ', '2', 4, 'EDLD 5032 '),
	('EDLD 5041', 'LEADING EDUCATIONAL CHANGE', '2', 4, 'EDLD 5041'),
	('EDLD 5051 ', 'QUANTITATIVE APPROACH TO RESEARCH ', '2', 4, 'EDLD 5051 '),
	('EDLD 5052', 'FUTURE OF EDUCATION', '2', 4, 'EDLD 5052'),
	('EDLD 5061 ', 'THESIS ', '2', 9, 'EDLD 5061 '),
	('EDUC1051 ', 'Intro to Education ', '2', 3, 'EDUC1051 '),
	('EDUC1101', 'Collage Math Primary Teahcers 1', '2', 3, 'EDUC1101'),
	('EDUC1252 ', 'The Nature of the Learner ', '2', 4, 'EDUC1252 '),
	('EDUC1402 ', 'Teaching Methods For Primary Curriculum ', '2', 4, 'EDUC1402 '),
	('EDUC2151 ', 'Managing the Regular & Multi-grade Classroom ', '2', 3, 'EDUC2151 '),
	('EDUC2224 ', 'Teaching Methods ', '2', 3, 'EDUC2224 '),
	('EDUC2501', 'Teaching Practicum 1', '2', 1, 'EDUC2501'),
	('EDUC2552', 'Teaching Practicum 2', '2', 2, 'EDUC2552'),
	('EDUC2995 ', 'Internship for Primary School Teachers ', '2', 9, 'EDUC2995 '),
	('EDUC3101 ', 'Social Context of Schooling ', '2', 3, 'EDUC3101 '),
	('EDUC3141 ', 'Introduction to Curriculum Development ', '2', 3, 'EDUC3141 '),
	('EDUC3152 ', 'Professionalism in Education ', '2', 3, 'EDUC3152 '),
	('EDUC3231 ', 'History & Development of Education in Belize ', '2', 3, 'EDUC3231 '),
	('EDUC3252 ', 'Introduction to Guidance and Counseling ', '2', 3, 'EDUC3252 '),
	('EDUC3302 ', 'Instructional Techniques ', '2', 3, 'EDUC3302 '),
	('EDUC3403 ', 'Psychology of Learning ', '2', 3, 'EDUC3403 '),
	('EDUC3435 ', 'Instructional Technology ', '2', 3, 'EDUC3435 '),
	('EDUC3451 ', 'Philosophy of Education ', '2', 3, 'EDUC3451 '),
	('EDUC3453 ', 'Classroom Assessment ', '2', 3, 'EDUC3453 '),
	('EDUC3454 ', 'Instructional Technology ', '2', 3, 'EDUC3454 '),
	('EDUC3552 ', 'Adolescent Psychology ', '2', 3, 'EDUC3552 '),
	('EDUC3553 ', 'Psychology of Learning ', '2', 3, 'EDUC3553 '),
	('EDUC3703 ', 'Research Methods in Education ', '2', 3, 'EDUC3703 '),
	('EDUC3905 ', 'Field Experience ', '2', 3, 'EDUC3905 '),
	('EDUC4151 ', 'Advanced TESOL ', '2', 3, 'EDUC4151 '),
	('EDUC4153 ', 'Professionalism in Education ', '2', 3, 'EDUC4153 '),
	('EDUC4201 ', 'Research in Education ', '2', 3, 'EDUC4201 '),
	('EDUC4256 ', 'Measurement & Evaluation ', '2', 3, 'EDUC4256 '),
	('EDUC4301 ', 'Content Area Reading ', '2', 3, 'EDUC4301 '),
	('EDUC4855 ', 'Pre-directed Teaching Seminar ', '2', 3, 'EDUC4855 '),
	('EDUC4995 ', 'Internship ', '2', 9, 'EDUC4995 '),
	('EENG2151', 'Language Methods for Primary School Teachers 1', '2', 3, 'EENG2151'),
	('EENG2202', 'Language Methods for Primary School Teachers 2', '2', 3, 'EENG2202'),
	('EENG3851 ', 'English Methods ', '2', 3, 'EENG3851 '),
	('ELEC 1101L ', 'Electrical Workshop (Practice) 1 ', '2', 1, 'ELEC 1101L '),
	('ELEC 1152L ', 'Electrical Workshop (Practice) 2 ', '2', 1, 'ELEC 1152L '),
	('ELEC 1401 ', 'Electrical Engineering Science ', '2', 3, 'ELEC 1401 '),
	('ELEC 1452 ', 'Electrical Engineering Science 2 ', '2', 3, 'ELEC 1452 '),
	('ELEC 2101L ', 'Electrical Workshop (Practice) 3 ', '2', 1, 'ELEC 2101L '),
	('ELEC 2201 ', 'Electronics & Systems 1 ', '2', 2, 'ELEC 2201 '),
	('ELEC 2252 ', 'Electronics & Systems 2 ', '2', 2, 'ELEC 2252 '),
	('ELEC 2301 ', 'Measurement & Instrumentation 1 ', '2', 2, 'ELEC 2301 '),
	('ELEC 2352 ', 'Measurement & Instrumentation 2 ', '2', 2, 'ELEC 2352 '),
	('ELEC 2401 ', 'Electrical Engineering Science 3 ', '2', 3, 'ELEC 2401 '),
	('ELEC 2452 ', 'Electrical Engineering Science 4 ', '2', 3, 'ELEC 2452 '),
	('ELEC2122 ', 'lectrical Theory ', '2', 2, 'ELEC2122 '),
	('ELEC2152L', 'Electronic Worshop (Practice)4', '2', 1, 'ELEC2152L'),
	('Elective ', 'Social Work Supervision', '2', 3, 'Elective '),
	('EMAT1101 ', 'College Math for Primary School Teachers 1 ', '2', 3, 'EMAT1101 '),
	('EMAT1152 ', 'College Math for Primary Teachers II ', '2', 3, 'EMAT1152 '),
	('EMAT2151', 'Math Concepts & Mathods for the Primary Grades', '2', 4, 'EMAT2151'),
	('EMAT3352 ', 'Math Concepts & Methods Primary Grades 2 ', '2', 3, 'EMAT3352 '),
	('EMAT4851 ', 'Math Methods for Secondary Education ', '2', 3, 'EMAT4851 '),
	('ENGL 1025 ', 'College English ', '2', 3, 'ENGL 1025 '),
	('ENGL 1035 ', 'Composing Process ', '2', 3, 'ENGL 1035 '),
	('ENGL 3055 ', 'Technical Writing ', '2', 3, 'ENGL 3055 '),
	('ENGL 3155 ', 'Technical Writing ', '2', 3, 'ENGL 3155 '),
	('ENGL1014 ', 'College English I ', '2', 3, 'ENGL1014 '),
	('ENGL1025 ', 'College English II ', '2', 3, 'ENGL1025 '),
	('ENGL1035 ', 'Composing Process ', '2', 3, 'ENGL1035 '),
	('ENGL1107', 'Grammer & Usage', '2', 3, 'ENGL1107'),
	('ENGL2015 ', 'Composing Process ', '2', 3, 'ENGL2015 '),
	('ENGL2105 ', 'Communication Skills ', '2', 3, 'ENGL2105 '),
	('ENGL2152', 'Advanced Composing', '2', 3, 'ENGL2152'),
	('ENGL3105 ', 'Language and Communication ', '2', 3, 'ENGL3105 '),
	('ENGL3155 ', 'Technical Writing ', '2', 3, 'ENGL3155 '),
	('ENGL3301 ', 'Reading Strat. Multi-lingual Classrooms ', '2', 3, 'ENGL3301 '),
	('ENGL3312 ', 'Children’s Literature ', '2', 3, 'ENGL3312 '),
	('EPHY2153', 'Physical Education for the Primary Grades', '2', 3, 'EPHY2153'),
	('ESCI1101 ', 'Science for EC Teachers ', '2', 3, 'ESCI1101 '),
	('ESCI1151 ', 'Science for Primary School Teachers ', '2', 3, 'ESCI1151 '),
	('ESCI2102', 'Health & Family Life Education', '2', 3, 'ESCI2102'),
	('ESCI2152', 'Science Concepts & Methods for Primary School Teachers', '2', 3, 'ESCI2152'),
	('ESCI4051 ', 'Science Methods ', '2', 3, 'ESCI4051 '),
	('ESOC2152 ', 'Social Studies Methods for Primary Classroom ', '2', 3, 'ESOC2152 '),
	('ESPC1015', 'EXTENSION SUPPORTING CSA', '2', 3, 'ESPC1015'),
	('ESPN2151', 'Spanish Methods for Primary School Teachers', '2', 3, 'ESPN2151'),
	('ESPN3102 ', 'Spanish Methods ', '2', 3, 'ESPN3102 '),
	('ESPN3151 ', 'Design of SSL Teaching Material ', '2', 3, 'ESPN3151 '),
	('ESPN3302', 'SSL Teaching Practice for Children ', '2', 3, 'ESPN3302'),
	('FNA5103', 'Financial Decision Making', '2', 3, 'FNA5103'),
	('FNAN 2014 ', 'Principles of Finance ', '2', 3, 'FNAN 2014 '),
	('FNAN 3015 ', 'Financial Mgmt ', '2', 3, 'FNAN 3015 '),
	('FNAN2014 ', 'Prins.of Finance ', '2', 3, 'FNAN2014 '),
	('FNAN3015 ', 'Financial Management ', '2', 3, 'FNAN3015 '),
	('FNAN3035 ', 'Financial Management ', '2', 3, 'FNAN3035 '),
	('FNAN4030 ', 'International Financial Mgmt ', '2', 3, 'FNAN4030 '),
	('FNAN4035 ', 'Risk Analysis and Management ', '2', 3, 'FNAN4035 '),
	('FNAN4115 ', 'Public Finance ', '2', 3, 'FNAN4115 '),
	('FNAN4155', 'Regulatory Environment of Banking &\nFinance ', '2', 3, 'FNAN4155'),
	('FNAN4205 ', 'Undergraduate Finance Internship or Thesis', '2', 12, 'FNAN4205 '),
	('FNAN4360 ', 'Financial Markets and Institutions ', '2', 3, 'FNAN4360 '),
	('FPDS1014', 'FOOD PRODUCTION & FOOD SECURITY', '2', 3, 'FPDS1014'),
	('FSFS1206', 'Farming and Sustainable farming\nsystems ', '2', 3, 'FSFS1206'),
	('HAED1080', 'HISTORY OF AGRICULTURE\nENTERPRISE DEVEL-OPMENT IN\nBELIZE', '2', 3, 'HAED1080'),
	('HIS1014 ', 'Introduction to Belizean History ', '2', 3, 'HIS1014 '),
	('HIST1014 ', 'Belizean History ', '2', 3, 'HIST1014 '),
	('HIST1051 ', 'Introduction to History ', '2', 3, 'HIST1051 '),
	('HIST1101 ', 'Pre-Columb. Soc in Latin Am. & The Carib. ', '2', 3, 'HIST1101 '),
	('HIST1151 ', 'Diplomatic History of Belize ', '2', 3, 'HIST1151 '),
	('HIST1252 ', 'Ancient African Civilizations ', '2', 3, 'HIST1252 '),
	('HIST1302 ', 'Ancient Asian Civilizations ', '2', 3, 'HIST1302 '),
	('HIST1352 ', 'Maya Civilization in Belize ', '2', 3, 'HIST1352 '),
	('HIST2014', 'Intructiona to Belizean History', '2', 3, 'HIST2014'),
	('HIST2101 ', 'Greek-Roman Civilization ', '2', 3, 'HIST2101 '),
	('HIST2151 ', 'Slavery & Emancipation in Belize ', '2', 3, 'HIST2151 '),
	('HIST2201 ', 'Intro to Colonial Latin American History ', '2', 3, 'HIST2201 '),
	('HIST2302 ', 'The Atlanric World 1400-1600 ', '2', 3, 'HIST2302 '),
	('HIST2352 ', 'Europe in the Age of Discovery ', '2', 3, 'HIST2352 '),
	('HIST2402 ', 'A History of Mexico ', '2', 3, 'HIST2402 '),
	('HIST3101 ', 'Historical Methods ', '2', 3, 'HIST3101 '),
	('HIST3151 ', 'The Caribbean Since 1948 ', '2', 3, 'HIST3151 '),
	('HIST3201 ', 'Social History of Belize ', '2', 3, 'HIST3201 '),
	('HIST3302 ', 'Latin Ame. History since Independence ', '2', 3, 'HIST3302 '),
	('HIST3352 ', 'Belize-Guatemala Relations ', '2', 3, 'HIST3352 '),
	('HIST3402', 'Multiculturalism in Belize ', '2', 3, 'HIST3402'),
	('HIST4101 ', 'Philosophy of History ', '2', 3, 'HIST4101 '),
	('HIST4154 ', 'Special Paper 1 ', '2', 3, 'HIST4154 '),
	('HIST4201 ', 'Central Amer. History: 1821-Present', '2', 3, 'HIST4201 '),
	('HIST4304 ', 'Special Paper 2 ', '2', 6, 'HIST4304 '),
	('HIST4352 ', 'U.S. Foreign Policy in Latin Amer. & Carib. ', '2', 3, 'HIST4352 '),
	('HOSP 3302 ', 'Advance Customer Service ', '2', 3, 'HOSP 3302 '),
	('HOSP 4152 ', 'Adv. Sustainable Tourism ', '2', 3, 'HOSP 4152 '),
	('HOSP3011 ', 'Food Services Operations ', '2', 3, 'HOSP3011 '),
	('HOSP3101 ', 'Hospitality Managerial Accounting ', '2', 3, 'HOSP3101 '),
	('HOSP3152 ', 'Hotel and Restaurant Management ', '2', 3, 'HOSP3152 '),
	('HOSP3202 ', 'Food and Beverage Management ', '2', 3, 'HOSP3202 '),
	('HOSP3302 ', 'Advance Customer Services ', '2', 3, 'HOSP3302 '),
	('HOSP4051 ', 'Managing Front Desk Operations ', '2', 3, 'HOSP4051 '),
	('HOSP4101 ', 'Convention and Events Management ', '2', 3, 'HOSP4101 '),
	('HOSP4105 ', 'Managing Housekeeping Operations ', '2', 3, 'HOSP4105 '),
	('HOSP4152 ', 'Adv. Sustainable Tourism Management ', '2', 3, 'HOSP4152 '),
	('HSCI2101', 'Health and Nutrition Safety Health and Nutrition Safety Health and Nutrition Safety', '2', 3, 'HSCI2101'),
	('INCS1207', 'Introduction to Computer studies', '2', 3, 'INCS1207'),
	('ISDR1205', 'Introduction to Soil and Disaster\nRisk, management (DRM) practices. ', '2', 3, 'ISDR1205'),
	('LING1152 ', 'Fundamentals of Linguistics ', '2', 3, 'LING1152 '),
	('LING3101 ', 'Nature & Structure of English Language ', '2', 3, 'LING3101 '),
	('LING3151 ', 'First & Second Language Acquisition ', '2', 3, 'LING3151 '),
	('LING3201 ', 'Spanish Phonetics & Phonology ', '2', 3, 'LING3201 '),
	('LING3252 ', 'Spanish Morphosyntax ', '2', 3, 'LING3252 '),
	('LING3301 ', 'Spanish Semantics & Pragmatics ', '2', 3, 'LING3301 '),
	('LING4102 ', 'Sociolinguistics ', '2', 3, 'LING4102 '),
	('LING4152 ', 'Psycholinguistics ', '2', 3, 'LING4152 '),
	('LITR1157', 'Survey of Literature 1', '2', 3, 'LITR1157'),
	('LITR2106', 'Survey of Literature 2', '2', 3, 'LITR2106'),
	('LITR2156', 'British Literature', '2', 3, 'LITR2156'),
	('LITR2206', 'African Literature 1', '2', 3, 'LITR2206'),
	('LITR2257', 'Caribbean Literature 1', '2', 3, 'LITR2257'),
	('LITR2307', 'Literture of the Americas', '2', 3, 'LITR2307'),
	('LITR2357', 'Latin American Literature 1', '2', 3, 'LITR2357'),
	('LITR3101 ', 'Critical Writing & Research ', '2', 3, 'LITR3101 '),
	('LITR3151 ', 'World Literature ', '2', 3, 'LITR3151 '),
	('LITR3201 ', 'Belizean Literature ', '2', 3, 'LITR3201 '),
	('LITR3252 ', 'Adolescent Literature ', '2', 3, 'LITR3252 '),
	('LITR3302 ', 'African Literature 2 ', '2', 3, 'LITR3302 '),
	('LITR3352 ', 'American Literature ', '2', 3, 'LITR3352 '),
	('LITR3402 ', 'Special Topics in Literature ', '2', 3, 'LITR3402 '),
	('LITR3502 ', 'Hispanic Literature 1 ', '2', 3, 'LITR3502 '),
	('LITR3553 ', 'Hispanic Literature 2 ', '2', 3, 'LITR3553 '),
	('LITR3601 ', 'Hispanic Literature 3 ', '2', 3, 'LITR3601 '),
	('LITR3653 ', 'Film in the Hispanic World ', '2', 3, 'LITR3653 '),
	('LITR3703 ', 'Hispanic Culture & Civilization 1 ', '2', 3, 'LITR3703 '),
	('LITR4101 ', 'Reading for Writers ', '2', 3, 'LITR4101 '),
	('LITR4151 ', 'Approaches to Literary Interpretations ', '2', 3, 'LITR4151 '),
	('LITR4201 ', 'Modern British Novel ', '2', 3, 'LITR4201 '),
	('LITR4251 ', 'Women in Literature ', '2', 3, 'LITR4251 '),
	('LITR4301 ', 'Caribbean Literature 2 ', '2', 3, 'LITR4301 '),
	('LITR4351 ', 'Caribbean Literature 2 ', '2', 3, 'LITR4351 '),
	('LITR4402 ', 'Latin American Literature 2 ', '2', 3, 'LITR4402 '),
	('LITR4452 ', 'Post Colonial Literature ', '2', 3, 'LITR4452 '),
	('LITR4502 ', 'Multicultural American Literature ', '2', 3, 'LITR4502 '),
	('LITR4552 ', 'Peripheral Identity in Discourse ', '2', 3, 'LITR4552 '),
	('LITR4602 ', 'Hispanic Culture & Civilization 2 ', '2', 3, 'LITR4602 '),
	('MATH 1014 ', 'Intermediate Algebra ', '2', 3, 'MATH 1014 '),
	('MATH 1045 ', 'Pre-Calculus ', '2', 3, 'MATH 1045 '),
	('MATH 1151 ', 'ALGEBRA ', '2', 3, 'MATH 1151 '),
	('MATH 1201 ', 'TRIGONOMETRY ', '2', 3, 'MATH 1201 '),
	('MATH 1212 ', 'Mathematical Software ', '2', 3, 'MATH 1212 '),
	('MATH 1302 ', 'Calculus 1 ', '2', 3, 'MATH 1302 '),
	('MATH 2201 ', 'Calculus II ', '2', 3, 'MATH 2201 '),
	('MATH 3012 ', 'Biostatistics II ', '2', 3, 'MATH 3012 '),
	('MATH 3032 ', 'Business Calculus ', '2', 3, 'MATH 3032 '),
	('MATH 3151 ', 'LINEAR ALGEBRA ', '2', 3, 'MATH 3151 '),
	('MATH 3251 ', 'CALCULUS III ', '2', 3, 'MATH 3251 '),
	('MATH 3302 ', 'PROBABILITY & STATISTICS I ', '2', 3, 'MATH 3302 '),
	('MATH 4052 ', 'Quantitative Methods ', '2', 3, 'MATH 4052 '),
	('MATH 4992 ', 'INTERNSHIP ', '2', 12, 'MATH 4992 '),
	('MATH1014 ', 'Intermediate Algebra ', '2', 3, 'MATH1014 '),
	('MATH1045 ', 'Pre - Calculus ', '2', 3, 'MATH1045 '),
	('MATH1151 ', 'Algebra 1 ', '2', 3, 'MATH1151 '),
	('MATH1201 ', 'Trigonometry I ', '2', 3, 'MATH1201 '),
	('MATH1212 ', 'Mathematical Software ', '2', 3, 'MATH1212 '),
	('MATH1252 ', 'Complex numbers & Vectors ', '2', 3, 'MATH1252 '),
	('MATH1302 ', 'Calculus 1 ', '2', 3, 'MATH1302 '),
	('MATH1392 ', 'Calculus I ', '2', 3, 'MATH1392 '),
	('MATH2011 ', 'Biostatistics I ', '2', 3, 'MATH2011 '),
	('MATH2025 ', 'Business Statistics 1 ', '2', 3, 'MATH2025 '),
	('MATH2151 ', 'Statistics I ', '2', 3, 'MATH2151 '),
	('MATH2201 ', 'Complex Numbers & Vectors ', '2', 3, 'MATH2201 '),
	('MATH2251 ', 'Introduction to Discrete Math ', '2', 3, 'MATH2251 '),
	('MATH2302 ', 'Math Modeling or Mechanics (MATH2402 )', '2', 3, 'MATH2302 '),
	('MATH2352 ', 'Statistics II ', '2', 3, 'MATH2352 '),
	('MATH2402 ', 'MECHANICS ', '2', 3, 'MATH2402 '),
	('MATH3012 ', 'Biostatistics II ', '2', 3, 'MATH3012 '),
	('MATH302 ', 'Finite Math ', '2', 3, 'MATH302 '),
	('MATH3025 ', 'Business Statistics 2 ', '2', 3, 'MATH3025 '),
	('MATH3032 ', 'Business Calculus ', '2', 3, 'MATH3032 '),
	('MATH3151 ', 'Linear Algebra ', '2', 3, 'MATH3151 '),
	('MATH3201 ', 'Fund. Concepts of Math ', '2', 3, 'MATH3201 '),
	('MATH3251 ', 'Calculus III ', '2', 3, 'MATH3251 '),
	('MATH3302 ', 'Probability & Statistics I ', '2', 4, 'MATH3302 '),
	('MATH3352 ', 'Geometry ', '2', 3, 'MATH3352 '),
	('MATH3362 ', 'Calculus IV ', '2', 3, 'MATH3362 '),
	('MATH3402 ', 'Real Analysis 1 ', '2', 3, 'MATH3402 '),
	('MATH3742 ', 'Matrix Analysis ', '2', 3, 'MATH3742 '),
	('MATH4011 ', 'Business Statistics 2 ', '2', 3, 'MATH4011 '),
	('MATH4151 ', 'Probability & Statistics II ', '2', 3, 'MATH4151 '),
	('MATH4201 ', 'Ordinary Differential Equations ', '2', 3, 'MATH4201 '),
	('MATH4251 ', 'Real Analysis 2 ', '2', 3, 'MATH4251 '),
	('MATH4301 ', 'Complex Analysis ', '2', 3, 'MATH4301 '),
	('MATH4352 ', 'Numerical Analysis ', '2', 4, 'MATH4352 '),
	('MATH4401', ' Partial Differential Equations ', '2', 3, 'MATH4401'),
	('MATH4402 ', 'Abstract Algebra ', '2', 3, 'MATH4402 '),
	('MATH4452 ', 'Topology ', '2', 3, 'MATH4452 '),
	('MATH4502', 'Special Topics ', '2', 3, 'MATH4502 '),
	('MATH5101', 'Quantitative Methods & Statistics', '2', 3, 'MATH5101'),
	('MBIO2201 ', 'Introduction to Marine Ecosystems ', '2', 3, 'MBIO2201 '),
	('MBIO2303 ', 'Underwater Research Methods ', '2', 3, 'MBIO2303 '),
	('MBIO2451 ', 'Basic Water Skills ', '2', 1, 'MBIO2451 '),
	('MBIO3201 ', 'Tropical Marine Invertebrates ', '2', 3, 'MBIO3201 '),
	('MBIO3201L ', 'Tropical Marine Invertebrates Lab ', '2', 1, 'MBIO3201L '),
	('MBIO3202 ', 'Tropical Marine Vertebrates ', '2', 3, 'MBIO3202 '),
	('MBIO3202L ', 'Tropical Marine Vertebrates Lab ', '2', 1, 'MBIO3202L '),
	('MBIO3251 ', 'Marine Botany ', '2', 3, 'MBIO3251 '),
	('MBIO3251L ', 'Marine Botany Lab ', '2', 1, 'MBIO3251L '),
	('MBIO3303 ', 'Coral Reef Biology & Ecology ', '2', 4, 'MBIO3303 '),
	('MBIO4201 ', 'Marine Conservation ', '2', 3, 'MBIO4201 '),
	('MBIO4251 ', 'Mariculture ', '2', 3, 'MBIO4251 '),
	('MBIO4492 ', 'Thesis ', '2', 6, 'MBIO4492 '),
	('MDRN1012 ', 'Introduction to Mandarin ', '2', 3, 'MDRN1012 '),
	('MECH 1101L ', 'Mechanical Workshop (Practice) 1 ', '2', 1, 'MECH 1101L '),
	('MECH 1152L ', 'Mechanical Workshop (Practice) 2 ', '2', 1, 'MECH 1152L '),
	('MECH 1301 ', 'Engineering Drawing & Design 1 ', '2', 3, 'MECH 1301 '),
	('MECH 1352 ', 'Engineering Drawing & Design 2 ', '2', 3, 'MECH 1352 '),
	('MECH 1401 ', 'Material Science Workshop Technology ', '2', 3, 'MECH 1401 '),
	('MECH 1451 ', 'Mechanical Engineering Science 1 ', '2', 3, 'MECH 1451 '),
	('MECH 1502 ', 'Mechanical Engineering Science 2 ', '2', 3, 'MECH 1502 '),
	('MECH 2101L ', 'Mechanical Workshop (Practice) 3 ', '2', 1, 'MECH 2101L '),
	('MECH 2152L ', 'Mechanical Workshop (Practice) 4 ', '2', 1, 'MECH 2152L '),
	('MECH 2201 ', 'Power Production 1 ', '2', 2, 'MECH 2201 '),
	('MECH 2252 ', 'Power Production 2', '2', 2, 'MECH 2252 '),
	('MECH 2301 ', 'Engineering Drawing & Design 3 ', '2', 3, 'MECH 2301 '),
	('MECH 2352 ', 'Engineering Drawing & Design 4 ', '2', 3, 'MECH 2352 '),
	('MECH 2451 ', 'Mechanical Engineering Science 3 ', '2', 3, 'MECH 2451 '),
	('MECH 2502 ', 'Mechanical Engineering Science 4 ', '2', 3, 'MECH 2502 '),
	('MECH 2993 ', 'Internship (Practicum) ', '2', 3, 'MECH 2993 '),
	('MEDI 3001/L', 'Anatomy I/Lab ', '2', 6, 'MEDI 3001/L'),
	('MEDI 3051/L', 'Physiology I/Lab ', '2', 6, 'MEDI 3051/L'),
	('MEDI 3101 ', 'Embryology (Theory) ', '2', 4, 'MEDI 3101 '),
	('MEDI 3151 ', 'Genetics ', '2', 2, 'MEDI 3151 '),
	('MEDI 3201', 'Biochemistry for MD\nStudents ', '2', 4, 'MEDI 3201'),
	('MEDI 3252/L', 'Anatomy II/Lab ', '2', 6, 'MEDI 3252/L'),
	('MEDI 3302 ', 'Physiology II/Lab ', '2', 6, 'MEDI 3302 '),
	('MEDI 3352/L', 'Histology/Lab ', '2', 4, 'MEDI 3352/L'),
	('MEDI 3402 ', 'Health & Society ', '2', 3, 'MEDI 3402 '),
	('MEDI 4051/L', 'Pathology I/Lab ', '2', 6, 'MEDI 4051/L'),
	('MEDI 4101 ', 'Semiology I ', '2', 4, 'MEDI 4101 '),
	('MEDI 4151 ', 'Pharmacology I ', '2', 4, 'MEDI 4151 '),
	('MEDI 4201 ', 'Epidemiology ', '2', 3, 'MEDI 4201 '),
	('MEDI 4302/L', 'Pathology II/Lab ', '2', 6, 'MEDI 4302/L'),
	('MEDI 4352', 'Physio-Pathology I ', '2', 4, 'MEDI 4352'),
	('MEDI 4402', 'Pharmacology II ', '2', 4, 'MEDI 4402'),
	('MEDI 4452', 'Semiology II ', '2', 4, 'MEDI 4452'),
	('MEDI 4502/L', 'Microbiology and Lab ', '2', 4, 'MEDI 4502/L'),
	('MEDI 5051', 'Physio-Pathology II ', '2', 4, 'MEDI 5051'),
	('MEDI 5101', 'Simulated Hospital Skills ', '2', 4, 'MEDI 5101'),
	('MEDI 5151', 'Community Medicine I ', '2', 4, 'MEDI 5151'),
	('MEDI 5201', 'Medical Psychology ', '2', 4, 'MEDI 5201'),
	('MEDI 5251/L', 'Parasitology Theory/Lab ', '2', 3, 'MEDI 5251/L'),
	('MEDI 5992', 'International Medicine\nClerkship (12 weeks) ', '2', 20, 'MEDI 5992'),
	('MEDI 5994 ', 'Surgical Clerkship (12 ', '2', 20, 'MEDI 5994 '),
	('MEDI 6991 ', 'Pediatric Clerkship (12 ', '2', 20, 'MEDI 6991 '),
	('MEDI 6994', 'Gyn-Obstetrics Clerkship\n(12 weeks) ', '2', 20, 'MEDI 6994'),
	('MEDI 7102 ', 'Cardiology (4 weeks) ', '2', 20, 'MEDI 7102 '),
	('MEDI 7152 ', 'Gastroenterology (4 ', '2', 20, 'MEDI 7152 '),
	('MEDI 7202 ', 'Neurology (4 weeks) ', '2', 20, 'MEDI 7202 '),
	('MEDI 7252 ', 'Psychiatry (4 weeks) ', '2', 20, 'MEDI 7252 '),
	('MEDI 7302 ', 'Urology (4 weeks) ', '2', 20, 'MEDI 7302 '),
	('MEDI 7855', 'Internal Medicine\nInternship (12 weeks) ', '2', 20, 'MEDI 7855'),
	('MGM4155', 'Business Strategy & Policy ', '2', 0, 'MGM4155'),
	('MGMT 2011 ', 'Intro to Small Bus ', '2', 3, 'MGMT 2011 '),
	('MGMT 2015 ', 'Introduction to Entrepreneurship ', '2', 3, 'MGMT 2015 '),
	('MGMT 2055 ', 'Business Ethics ', '2', 3, 'MGMT 2055 '),
	('MGMT 3015 ', 'Organizational Behaviour 3 ', '2', 3, 'MGMT 3015 '),
	('MGMT 3105 ', 'Human Resource Management ', '2', 3, 'MGMT 3105 '),
	('MGMT 4015 ', 'Small Business Mgmt ', '2', 3, 'MGMT 4015 '),
	('MGMT 4105 ', 'Productions and Operations Management ', '2', 3, 'MGMT 4105 '),
	('MGMT 4155 ', 'Business Strategy & Policy ', '2', 3, 'MGMT 4155 '),
	('MGMT 4205 ', 'Undergraduate Thesis', '2', 0, 'MGMT 4205 '),
	('MGMT 4995 ', 'Internship or\nUndergraduate Thesis ', '2', 9, 'MGMT 4995 '),
	('MGMT1014 \n', 'Fundamentals of Management or\nIntroduction to Economics (ECON1014)', '2', 3, 'MGMT1014 \n'),
	('MGMT1014 ', 'Fundamentals of Management ', '2', 3, 'MGMT1014 '),
	('MGMT2011 ', 'Intro to Small Business Manage ', '2', 3, 'MGMT2011 '),
	('MGMT2015', 'Introduction to Entrepreneurship\n(practical) ', '2', 3, 'MGMT2015'),
	('MGMT2055 ', 'Business Ethics ', '2', 3, 'MGMT2055 '),
	('MGMT3015 ', 'Organizational Behavior ', '2', 3, 'MGMT3015 '),
	('MGMT3055 ', 'International Business ', '2', 3, 'MGMT3055 '),
	('MGMT3105 ', 'Human Resource Management ', '2', 3, 'MGMT3105 '),
	('MGMT3155 ', 'Socio Economic Development ', '2', 3, 'MGMT3155 '),
	('MGMT40', 'Entrepreneurship and Opportunity ', '2', 3, 'MGMT40'),
	('MGMT4015 ', 'Small Business Management ', '2', 3, 'MGMT4015 '),
	('MGMT4023 ', 'Decision-making Policies and Practices ', '2', 3, 'MGMT4023 '),
	('MGMT4051 ', 'Public Administration & Policy ', '2', 3, 'MGMT4051 '),
	('MGMT4105 ', 'Production Operation Management ', '2', 3, 'MGMT4105 '),
	('MGMT4150 ', 'Business, Government & Society ', '2', 3, 'MGMT4150 '),
	('MGMT4155 ', 'Business Strategy & Policy ', '2', 3, 'MGMT4155 '),
	('MGMT4195 ', 'Business Strategy and Policy ', '2', 3, 'MGMT4195 '),
	('MGMT4205', 'Undergraduate Management Internship ', '2', 12, 'MGMT4205'),
	('MGMT4205HO ', 'Undergraduate Thesis', '2', 0, 'MGMT4205HO '),
	('MGMT4330 ', 'Introducation to International Business', '2', 3, 'MGMT4330 '),
	('MGMT4360 ', 'Industrial Relations', '2', 3, 'MGMT4360 '),
	('MGMT4995HO ', 'Internship OR ', '2', 12, 'MGMT4995HO '),
	('MGMT5000', 'Leading People in Organisations', '2', 0, 'MGMT5000'),
	('MGMT5001', 'Innovation Practices & Careers', '2', 0, 'MGMT5001'),
	('MGMT5101', 'Managing Organisational Behavior', '2', 3, 'MGMT5101'),
	('MGMT5152', 'Operations & Supply Chain Management', '2', 3, 'MGMT5152'),
	('MGMT5153', 'Managing People in Organisations', '2', 3, 'MGMT5153'),
	('MGMT6101', 'Project Management', '2', 3, 'MGMT6101'),
	('MGMT6151', 'Entrepreneurship & New Venture Creation', '2', 3, 'MGMT6151'),
	('MGMT6201', 'Corporate & Competative Strategy', '2', 3, 'MGMT6201'),
	('MGMT6995', 'Business Research Project/Thesis', '2', 6, 'MGMT6995'),
	('MIDW 3101 ', 'Introduction to Midwifery ', '2', 3, 'MIDW 3101 '),
	('MIDW3151', 'Needs of the Client, Significant  Other and Family in Prenatal Period ', '2', 5, 'MIDW3151'),
	('MIDW3151L', 'Needs of the Client, Significant Other and Family in Prenatal Period Lab', '2', 1, 'MIDW3151L'),
	('MIDW3201', 'Needs of the Client, Significant Other and Family in Intranatal  Period', '2', 3, 'MIDW3201'),
	('MIDW3201L', 'Needs of the Client, Significant Other and Family in Intranatal Period Lab', '2', 1, 'MIDW3201L'),
	('MIDW3251', 'Needs of the Client, Significant Other and Family in Postnatal Period', '2', 2, 'MIDW3251'),
	('MIDW3251L', 'Needs of the Client, Significant Other and Family in Postnatal Period Lab', '2', 1, 'MIDW3251L'),
	('MIDW3302 ', 'Needs of the Normal Neonate ', '2', 2, 'MIDW3302 '),
	('MIDW3302L ', 'Needs of the Normal Neonate Lab ', '2', 1, 'MIDW3302L '),
	('MIDW3352 ', 'The Community ', '2', 4, 'MIDW3352 '),
	('MIDW3451', 'Needs of Pregnant Client with Complications', '2', 6, 'MIDW3451'),
	('MIDW3451L', 'Needs of Pregnant Client with Complications Lab', '2', 1, 'MIDW3451L'),
	('MIDW3501', 'Needs of Neonate with Complications', '2', 3, 'MIDW3501'),
	('MIDW3501L', 'Needs of Neonate with Complications Lab', '2', 1, 'MIDW3501L'),
	('MIDW3992 ', 'Supervised Clinical Experience I ', '2', 10, 'MIDW3992 '),
	('MIDW3993', 'Supervised Clinical Experience II', '2', 10, 'MIDW3993'),
	('MKT4115', 'Marketing Research', '2', 3, 'MKT4115'),
	('MKTG 2015 ', 'Principles of Marketing ', '2', 3, 'MKTG 2015 '),
	('MKTG 2052 ', 'Customer Service ', '2', 3, 'MKTG 2052 '),
	('MKTG2015 ', 'Prins.of Marketing (Theory) ', '2', 3, 'MKTG2015 '),
	('MKTG2052 ', 'Customer Service ', '2', 3, 'MKTG2052 '),
	('MKTG4015 ', 'Marketing Management', '2', 3, 'MKTG4015 '),
	('MKTG4025 ', 'International Marketing Management ', '2', 3, 'MKTG4025 '),
	('MKTG4030 ', 'Consumer Behavior ', '2', 3, 'MKTG4030 '),
	('MKTG4035 ', 'Integrated Marketing Communication ', '2', 3, 'MKTG4035 '),
	('MKTG4125 ', 'Digital Marketing ', '2', 3, 'MKTG4125 '),
	('MKTG4205', 'Undergraduate Marketing Internship ', '2', 12, 'MKTG4205'),
	('MKTG6101', 'Marketing Strategy & Planning', '2', 3, 'MKTG6101'),
	('MPS3012 ', 'Mgmt. Info. System ', '2', 3, 'MPS3012 '),
	('NRMP 1014 ', 'Environmental Conserv & Develop ', '2', 3, 'NRMP 1014 '),
	('NRMP 1151', 'Fundamentals for Environmental\nManagers ', '2', 3, 'NRMP 1151'),
	('NRMP 2201 ', 'Introduction to Marine Ecology ', '2', 3, 'NRMP 2201 '),
	('NRMP 2251 ', 'Introduction to Recreation ', '2', 3, 'NRMP 2251 '),
	('NRMP 2301 ', 'Introduction to Geology ', '2', 3, 'NRMP 2301 '),
	('NRMP 2351 ', 'Waste Management ', '2', 3, 'NRMP 2351 '),
	('NRMP 2402 ', 'Protected Areas Management', '2', 3, 'NRMP 2402 '),
	('NRMP 2452 ', 'Terrestrial Management Issues ', '2', 3, 'NRMP 2452 '),
	('NRMP 2502', ' Environmental Assessment ', '2', 3, 'NRMP 2502'),
	('NRMP 2552', ' Hospitality and Tourism ', '2', 3, 'NRMP 2552'),
	('NRMP 3151 ', 'Professional Skills for\nEnvironmental Managers ', '2', 3, 'NRMP 3151 '),
	('NRMP 3202 ', 'Environmental Seminar ', '2', 1, 'NRMP 3202 '),
	('NRMP 3252 ', 'Watershed Ecology and\nManagement ', '2', 3, 'NRMP 3252 '),
	('NRMP 3302 ', 'Project Management ', '2', 3, 'NRMP 3302 '),
	('NRMP 3351 ', 'Environmental Law and Policy ', '2', 3, 'NRMP 3351 '),
	('NRMP 3401 ', 'Introduction to GIS ', '2', 4, 'NRMP 3401 '),
	('NRMP 3452 ', 'Independent Thesis Proposal ', '2', 3, 'NRMP 3452 '),
	('NRMP 4153 ', 'Field Methods and Assessment ', '2', 4, 'NRMP 4153 '),
	('NRMP 4201 ', 'Introduction to Meteorology ', '2', 3, 'NRMP 4201 '),
	('NRMP 4251 ', 'Environmental Economics ', '2', 3, 'NRMP 4251 '),
	('NRMP 4301 ', 'Environmental Microbiology ', '2', 3, 'NRMP 4301 '),
	('NRMP 4301L ', 'Environmental Microbiology Lab ', '2', 1, 'NRMP 4301L '),
	('NRMP 4351 ', 'Environmental Impact Assessment ', '2', 3, 'NRMP 4351 '),
	('NRMP 4402 ', 'Tropical Forest Ecology and\nManagement ', '2', 4, 'NRMP 4402 '),
	('NRMP 4452 ', 'Wildlife Management ', '2', 3, 'NRMP 4452 '),
	('NRMP 4502 ', 'Fisheries and Aquaculture\nManagement ', '2', 4, 'NRMP 4502 '),
	('NRMP 4552 ', 'Integrated Coastal Zone\nManagement and Policy ', '2', 3, 'NRMP 4552 '),
	('NRMP 4942 ', '**Independent Thesis Project ', '2', 6, 'NRMP 4942 '),
	('NRMP 4993 ', '**NRM Internship ', '2', 6, 'NRMP 4993 '),
	('NRMP1014 ', 'Env. Con. & Dev. ', '2', 3, 'NRMP1014 '),
	('NRMP3401 ', 'GIS 1* ', '2', 3, 'NRMP3401 '),
	('NUMF1203', 'Numeracy in Farming ', '2', 3, 'NUMF1203'),
	('NURS2051 ', 'Nursing Concepts ', '2', 3, 'NURS2051 '),
	('NURS2051L ', 'ursing Concepts Lab 1', '2', 1, 'NURS2051L '),
	('NURS2102 ', 'Pharmacotherapeutics ', '2', 3, 'NURS2102 '),
	('NURS2152 ', 'Current Issues in Nursing ', '2', 4, 'NURS2152 '),
	('NURS2202 ', 'Physical Assessment ', '2', 3, 'NURS2202 '),
	('NURS2202L ', 'Physical Assessment Lab ', '2', 1, 'NURS2202L '),
	('NURS3051 ', 'Nursing Care of Infants & Children ', '2', 4, 'NURS3051 '),
	('NURS3051L ', 'Nursing Care of Infants & Children Lab ', '2', 2, 'NURS3051L '),
	('NURS3051P ', 'Nursing Care of Infants & Children Practicum ', '2', 7, 'NURS3051P '),
	('NURS3101 ', 'Care of Adult Population ', '2', 4, 'NURS3101 '),
	('NURS3101L ', 'Care of Adult Population Lab ', '2', 2, 'NURS3101L '),
	('NURS3101P ', 'Care of Adult Population Practicum ', '2', 7, 'NURS3101P '),
	('NURS4051 ', 'Reproductive Health Care ', '2', 5, 'NURS4051 '),
	('NURS4051L ', 'Reproductive Health Care Lab ', '2', 1, 'NURS4051L '),
	('NURS4051P ', 'Reproductive Health Care Practicum ', '2', 3, 'NURS4051P '),
	('NURS4101 ', 'Community Health Nursing ', '2', 6, 'NURS4101 '),
	('NURS4101P ', 'Community Health Nursing Practicum ', '2', 3, 'NURS4101P '),
	('NURS4152 ', 'Promoting Mental Wellness ', '2', 6, 'NURS4152 '),
	('NURS4152P ', 'Promoting Mental Wellness Practicum ', '2', 3, 'NURS4152P '),
	('NURS4202 ', 'Nursing Management & Leadership ', '2', 6, 'NURS4202 '),
	('NURS4202P ', 'Nursing Management & Leadership Practicum ', '2', 3, 'NURS4202P '),
	('NUTR2055 ', 'Food, Nutrition and Health ', '2', 3, 'NUTR2055 '),
	('PHIL1014 ', 'Ethics ', '2', 3, 'PHIL1014 '),
	('PHPM1070', 'PLANT HEALTH & PEST\nMANAGEMENT', '2', 3, 'PHPM1070'),
	('PHPT1210', 'Post-Harvest & Processing\nTechnology ', '2', 3, 'PHPT1210'),
	('PHYS 1015 ', 'General Physics 1 ', '2', 3, 'PHYS 1015 '),
	('PHYS 1015L ', 'General Physics I Lab ', '2', 1, 'PHYS 1015L '),
	('PHYS 1041 ', 'Physics for Engineers ', '2', 2, 'PHYS 1041 '),
	('PHYS1014 ', 'Physincs for Engineers ', '2', 2, 'PHYS1014 '),
	('PHYS1015 ', 'General Physics I ', '2', 3, 'PHYS1015 '),
	('PHYS1015L ', 'General Physics I Lab ', '2', 1, 'PHYS1015L '),
	('PHYS1025 ', 'Physics II ', '2', 3, 'PHYS1025 '),
	('PHYS1025L ', 'Physics II Lab ', '2', 1, 'PHYS1025L '),
	('PHYS1041 ', 'Physics for Eng ', '2', 2, 'PHYS1041 '),
	('PHYS1162 F', 'luids & Heat ', '2', 3, 'PHYS1162 F'),
	('PHYS1201 ', 'Mechanics for Physics ', '2', 4, 'PHYS1201 '),
	('PHYS1251L ', 'Physics Lab I ', '2', 1, 'PHYS1251L '),
	('PHYS1312 ', 'General Physics I ', '2', 3, 'PHYS1312 '),
	('PHYS1312L ', 'General Physics I Lab ', '2', 1, 'PHYS1312L '),
	('PHYS1402L ', 'Physics Lab II ', '2', 1, 'PHYS1402L '),
	('PHYS2161 ', 'Electricity & Magnetism ', '2', 4, 'PHYS2161 '),
	('PHYS2251L ', 'Physics Lab III ', '2', 1, 'PHYS2251L '),
	('PHYS2271  ', 'Light & Optics', '2', 3, 'PHYS2271  '),
	('PHYS2302 ', 'Modern Physics ', '2', 3, 'PHYS2302 '),
	('PHYS2352 ', 'Electronics ', '2', 3, 'PHYS2352 '),
	('PHYS2402L ', 'Physics Lab IV ', '2', 1, 'PHYS2402L '),
	('PJMA1040', 'PROJECT MANAGEMENT', '2', 3, 'PJMA1040'),
	('PRAN 1101 ', 'Applied Biological Sciences ', '2', 4, 'PRAN 1101 '),
	('PRAN 1151 ', 'Applied Behavioral Sciences ', '2', 4, 'PRAN 1151 '),
	('PRAN 1201 ', 'Fundamentals of Nursing I ', '2', 2, 'PRAN 1201 '),
	('PRAN 1251 ', 'Fundamentals of Nursing II ', '2', 3, 'PRAN 1251 '),
	('PRAN 1251L ', 'Fundamentals of Nursing II Lab ', '2', 2, 'PRAN 1251L '),
	('PRAN 1301 ', 'Medication Administration ', '2', 2, 'PRAN 1301 '),
	('PRAN 1352 ', 'Family Health in Community Settings ', '2', 3, 'PRAN 1352 '),
	('PRAN 1402 ', 'Medical –Surgical Nursing', '2', 3, 'PRAN 1402 '),
	('PRAN 1402L ', 'Medical –Surgical Nursing Lab', '2', 1, 'PRAN 1402L '),
	('PRAN 1452 ', 'Mental Health/Psychiatric Nursing', '2', 3, 'PRAN 1452 '),
	('PRAN 1502 ', 'Obstetrical Nursing', '2', 3, 'PRAN 1502 '),
	('PRAN 1502L ', 'Obstetrical Nursing Lab', '2', 1, 'PRAN 1502L '),
	('PRAN 1552 ', 'Pediatric Nursing ', '2', 3, 'PRAN 1552 '),
	('PRAN 1552 L', 'Pediatric Nursing Lab ', '2', 1, 'PRAN 1552 L'),
	('PRAN 1603 ', 'First Aid/Basic Life Support ', '2', 3, 'PRAN 1603 '),
	('PRAN 1991P ', 'Supervised Practical Experience', '2', 16, 'PRAN 1991P '),
	('PRCE1202', 'Pre-College English I ', '2', 3, 'PRCE1202'),
	('PRCE1208', 'Pre-College English II ', '2', 3, 'PRCE1208'),
	('PSMG 3011 ', 'Intro to Public Sector Admin & Mgmt ', '2', 3, 'PSMG 3011 '),
	('PSMG 3051 ', 'Ethics in Politics & Admin', '2', 3, 'PSMG 3051 '),
	('PSMG 3101 ', 'Intro to Politics & Political Institution ', '2', 3, 'PSMG 3101 '),
	('PSMG 3151 ', 'Admin & Constitution Law ', '2', 3, 'PSMG 3151 '),
	('PSMG 3202 ', 'Trends in New Public Admin & Mgmt. ', '2', 3, 'PSMG 3202 '),
	('PSMG 3252 ', 'Public Policy & Analysis ', '2', 3, 'PSMG 3252 '),
	('PSMG 3302 ', 'Public Sector Marketing ', '2', 3, 'PSMG 3302 '),
	('PSMG 3352 ', 'Project Mgmt. ', '2', 3, 'PSMG 3352 '),
	('PSMG 3402 ', 'Seminar in Public Admin ', '2', 3, 'PSMG 3402 '),
	('PSMG 4011 ', 'Public Fnan Admin & Actg ', '2', 3, 'PSMG 4011 '),
	('PSMG 4015 ', 'Research Methods for the Social Sciences ', '2', 3, 'PSMG 4015 '),
	('PSMG 4051 ', 'Human Resources Mgmt & Labor Relations ', '2', 3, 'PSMG 4051 '),
	('PSMG 4101 ', 'Rural & Urban Planning ', '2', 3, 'PSMG 4101 '),
	('PSMG 4151', 'Quantitative Analyses for Public Admin Public\nSector ', '2', 3, 'PSMG 4151'),
	('PSMG 4202 ', 'Comparative Public Mgmt ', '2', 3, 'PSMG 4202 '),
	('PSYC 1014 ', 'Introduction to Psychology ', '2', 3, 'PSYC 1014 '),
	('PSYC 2014 ', 'Introduction to Psychology ', '2', 3, 'PSYC 2014 '),
	('PSYC1014 ', 'Introduction to Psychology ', '2', 3, 'PSYC1014 '),
	('RSCH ', 'Research Methods ', '2', 3, 'RSCH '),
	('RSCH 2014 ', 'Research Methods ', '2', 3, 'RSCH 2014 '),
	('RSCH 4015 ', 'Research Methods for Social Sciences ', '2', 3, 'RSCH 4015 '),
	('RSCH1014 ', 'Introduction to Research Methods ', '2', 3, 'RSCH1014 '),
	('RSCH2014 ', 'Research Methods ', '2', 3, 'RSCH2014 '),
	('RSCH4015 ', 'Research Methods for the Social Sciences ', '2', 3, 'RSCH4015 '),
	('RSCH5000', 'Business Research Methods', '2', 0, 'RSCH5000'),
	('SCIE3251 ', 'Experimental Design & Analysis ', '2', 3, 'SCIE3251 '),
	('SCIE3551 ', 'Scientific Proposal Writing ', '2', 3, 'SCIE3551 '),
	('SCIE4551 ', 'Scientific Proposal Writing ', '2', 3, 'SCIE4551 '),
	('SCIE4651 ', 'Scientific Writing ', '2', 3, 'SCIE4651 '),
	('SNPJ1011', 'SENIOR PROJECT 111', '2', 6, 'SNPJ1011'),
	('SOCL 1014 ', 'Introduction to Sociology ', '2', 3, 'SOCL 1014 '),
	('SOCL 2014', ' Introduction to Sociology ', '2', 3, 'SOCL 2014'),
	('SOCL1014 ', 'Introduction to Sociology ', '2', 3, 'SOCL1014 '),
	('SOCL1014/PS', 'Psychology or Sociology ', '2', 3, 'SOCL1014/PS'),
	('SPAN ', 'Spanish 2 ', '2', 3, 'SPAN '),
	('SPAN 1025 ', 'Lower Intermediate Spanish ', '2', 3, 'SPAN 1025 '),
	('SPAN 2015 ', 'Level 3 Spanish ', '2', 3, 'SPAN 2015 '),
	('SPAN1014 ', 'Level 1 Spanish** ', '2', 3, 'SPAN1014 '),
	('SPAN1015 ', 'Spanish level 1 ', '2', 3, 'SPAN1015 '),
	('SPAN1025 ', 'Spanish level 2 ', '2', 3, 'SPAN1025 '),
	('SPAN2015 ', 'Spanish level 3 ', '2', 3, 'SPAN2015 '),
	('SPAN2025 ', 'High-Intermediate Spanish ', '2', 3, 'SPAN2025 '),
	('SPAN3015 ', 'Advanced Spanish ', '2', 3, 'SPAN3015 '),
	('SPED3111 ', 'Introduction to Special Education ', '2', 3, 'SPED3111 '),
	('SPED4122 ', 'Teaching Strat. Meeting Learning Need ', '2', 3, 'SPED4122 '),
	('STAT 4051 ', 'QUANTITATIVE SPATIAL STATISTICS', '2', 3, 'STAT 4051 '),
	('STAT 4121 ', 'TOPICS IN SURVEY RESEARCH ', '2', 3, 'STAT 4121 '),
	('STAT1014 ', 'FUNDAMENTAL PRINCIPLES OF\nOFFICIAL STATISTICS ', '2', 3, 'STAT1014 '),
	('STAT2151 ', 'INTRODUCTION TO STATISTICAL\nSOFTWARE ', '2', 3, 'STAT2151 '),
	('STAT3011 ', 'ECONOMIC STATISTICS ', '2', 3, 'STAT3011 '),
	('STAT3021 ', 'SOCIAL STATISTICS ', '2', 3, 'STAT3021 '),
	('STAT3031 ', 'LIVING STANDARDS MEASUREMENT', '2', 3, 'STAT3031 '),
	('STAT3042 ', 'INTRODUCTION TO ECONOMETRICS ', '2', 3, 'STAT3042 '),
	('STAT3052 ', 'DEMOGRAPHIC TECHNIQUES ', '2', 3, 'STAT3052 '),
	('STAT3062 ', 'APPLIED MULTIVARIATE STATISTICS', '2', 3, 'STAT3062 '),
	('STAT3071 ', 'LINEAR REGRESSION MODELS ', '2', 3, 'STAT3071 '),
	('STAT4041 ', 'TIME SERIES ANALYSIS AND\nMODELLING ', '2', 3, 'STAT4041 '),
	('STAT4101 ', 'DESIGN & ESTIMATION IN SURVEY\nSAMPLING ', '2', 3, 'STAT4101 '),
	('STAT4131 ', 'ADVANCE STATISTICAL SOFTWARE', '2', 3, 'STAT4131 '),
	('SWRK 1101', 'Introduction to Social Work &\nCommunity Resources ', '2', 3, 'SWRK 1101'),
	('SWRK 1152', 'Social Work Professional Dev &\nCommunity Resources ', '2', 3, 'SWRK 1152'),
	('SWRK 2101', 'Human Behaviour & Social\nEnvironment I ', '2', 3, 'SWRK 2101'),
	('SWRK 2151 ', 'Social Work Practice I (Individuals) ', '2', 3, 'SWRK 2151 '),
	('SWRK 2202 ', 'Social Work Practice II (Families) ', '2', 3, 'SWRK 2202 '),
	('SWRK 2252', 'Social Work Ethics and Practice\nApplication ', '2', 3, 'SWRK 2252'),
	('SWRK 2304 ', 'Disaster Preparedness ', '2', 3, 'SWRK 2304 '),
	('SWRK 2992 ', 'Social Work Field Internship I ', '2', 6, 'SWRK 2992 '),
	('SWRK 3101', 'Human Behaviour & Social\nEnvironment II ', '2', 3, 'SWRK 3101'),
	('SWRK 3151 ', 'Introduction to Social Policy ', '2', 3, 'SWRK 3151 '),
	('SWRK 3201 ', 'Social Work Practice III (Groups) ', '2', 3, 'SWRK 3201 '),
	('SWRK 3251', 'Social Work Practice IV(Communities)', '2', 3, 'SWRK 3251'),
	('SWRK 3502 ', 'Social Work Research ', '2', 3, 'SWRK 3502 '),
	('SWRK 3552 S', 'Social Work & the Law ', '2', 3, 'SWRK 3552 S'),
	('SWRK 3991 ', 'Social Work Internship II ', '2', 6, 'SWRK 3991 '),
	('SWRK 4101 ', 'Family Violence ', '2', 3, 'SWRK 4101 '),
	('SWRK3301 ', 'Human Rights & Social Work ', '2', 3, 'SWRK3301 '),
	('SWRK3351 ', 'Multi-cultural Social Work ', '2', 3, 'SWRK3351 '),
	('SWRK3401 ', 'Basic Counselling I ', '2', 3, 'SWRK3401 '),
	('SWRK3401L ', 'Basic Counselling I (Lab) ', '2', 1, 'SWRK3401L '),
	('SWRK3452 ', 'Counselling II ', '2', 3, 'SWRK3452 '),
	('SWRK3452L ', 'Counselling II Lab ', '2', 1, 'SWRK3452L '),
	('SWRK4101 ', 'Family Violence 3', '2', 3, 'SWRK4101 '),
	('TAXA 3011 ', 'Taxation 1 ', '2', 3, 'TAXA 3011 '),
	('TAXA 3052 ', 'Taxation II ', '2', 3, 'TAXA 3052 '),
	('TAXA3011 ', 'Taxation I ', '2', 3, 'TAXA3011 '),
	('THESIS-WORK', 'Business Research Project/Thesis (Orientation Workshop -  October 20th. 2018)', '2', 0, 'THESIS-WORK'),
	('TOUR 1014 ', 'Intro to Tourism ', '2', 3, 'TOUR 1014 '),
	('TOUR 1052 ', 'Tourism Geography ', '2', 3, 'TOUR 1052 '),
	('TOUR 2011 ', 'Intro to Accom. Mgmt ', '2', 3, 'TOUR 2011 '),
	('TOUR 2051 ', 'Sustainable Tourism ', '2', 3, 'TOUR 2051 '),
	('TOUR 2101 ', 'Tourism Prod. Dev. ', '2', 3, 'TOUR 2101 '),
	('TOUR 2152 ', 'Intro to Food & Bev ', '2', 3, 'TOUR 2152 '),
	('TOUR 2202 ', 'Tourism Marketing ', '2', 3, 'TOUR 2202 '),
	('TOUR 2252 ', 'Tour. Planning & Policy ', '2', 3, 'TOUR 2252 '),
	('TOUR 2995 ', 'Internship ', '2', 3, 'TOUR 2995 '),
	('TOUR 3011 ', 'Recreational Planning ', '2', 3, 'TOUR 3011 '),
	('TOUR 3051 ', 'Hospitality Law ', '2', 3, 'TOUR 3051 '),
	('TOUR 3101 ', 'Hospitality Managerial Accounting ', '2', 3, 'TOUR 3101 '),
	('TOUR 3203 ', 'Managing Non- Governmental Organizations ', '2', 3, 'TOUR 3203 '),
	('TOUR 3252 ', 'Purchasing for Hospitality ', '2', 3, 'TOUR 3252 '),
	('TOUR 3302 ', 'Tourism Economics ', '2', 3, 'TOUR 3302 '),
	('TOUR 4011 ', 'Advance Tourism Marketing ', '2', 3, 'TOUR 4011 '),
	('TOUR 4102 ', 'Cultural Heritage and Tourism ', '2', 3, 'TOUR 4102 '),
	('TOUR1014 ', 'Introduction to Tourism ', '2', 3, 'TOUR1014 '),
	('TOUR1052 ', 'Tourism Geography ', '2', 3, 'TOUR1052 '),
	('TOUR2011 ', 'Intro to Accommodation Mgmt. ', '2', 3, 'TOUR2011 '),
	('TOUR2051 ', 'Intro to Sustainable Tourism ', '2', 3, 'TOUR2051 '),
	('TOUR2101 ', 'Tourism Product Development ', '2', 3, 'TOUR2101 '),
	('TOUR2152 ', 'Intro to Food and Beverage Mana. ', '2', 3, 'TOUR2152 '),
	('TOUR2202 ', 'Tourism Marketing ', '2', 3, 'TOUR2202 '),
	('TOUR2252 ', 'Tourism Planning and Policy ', '2', 3, 'TOUR2252 '),
	('TOUR3051 ', 'Hospitality Law ', '2', 3, 'TOUR3051 '),
	('TOUR3252 ', 'Purchasing for Hospitality Oper ', '2', 3, 'TOUR3252 '),
	('TOUR4011 ', 'Advance Tourism Marketing ', '2', 3, 'TOUR4011 '),
	('TOUR4052 ', 'Destination Planning & Management ', '2', 3, 'TOUR4052 '),
	('WMAP1020', 'WATERSHED MANAGEMENT 1:\nPrinciples', '2', 3, 'WMAP1020'),
	('WMAPP1060', 'WATERSHED MANAGEMENT 11:\nApplication', '2', 3, 'WMAPP1060');
/*!40000 ALTER TABLE `courses` ENABLE KEYS */;

-- Dumping structure for table db.instituations
DROP TABLE IF EXISTS `instituations`;
CREATE TABLE IF NOT EXISTS `instituations` (
  `id` varchar(11) NOT NULL,
  `name` varchar(255) DEFAULT NULL,
  `district` varchar(255) DEFAULT NULL,
  PRIMARY KEY (`id`)
) ENGINE=InnoDB DEFAULT CHARSET=utf8mb4;

-- Dumping data for table db.instituations: ~0 rows (approximately)
DELETE FROM `instituations`;
/*!40000 ALTER TABLE `instituations` DISABLE KEYS */;
INSERT INTO `instituations` (`id`, `name`, `district`) VALUES
	('1056', 'Sacred Junior College', 'Cayo');
/*!40000 ALTER TABLE `instituations` ENABLE KEYS */;

-- Dumping structure for table db.lecturer
DROP TABLE IF EXISTS `lecturer`;
CREATE TABLE IF NOT EXISTS `lecturer` (
  `id` int(11) NOT NULL AUTO_INCREMENT,
  `name` varchar(11) DEFAULT NULL,
  PRIMARY KEY (`id`),
  CONSTRAINT `lecturer_ibfk_1` FOREIGN KEY (`id`) REFERENCES `users` (`id`)
) ENGINE=InnoDB AUTO_INCREMENT=2018219417 DEFAULT CHARSET=utf8mb4;

-- Dumping data for table db.lecturer: ~4 rows (approximately)
DELETE FROM `lecturer`;
/*!40000 ALTER TABLE `lecturer` DISABLE KEYS */;
INSERT INTO `lecturer` (`id`, `name`) VALUES
	(2018219413, 'Lec'),
	(2018219414, 'LEctur'),
	(2018219415, 'Test1'),
	(2018219416, 'hellheaven');
/*!40000 ALTER TABLE `lecturer` ENABLE KEYS */;

-- Dumping structure for table db.lecturercourses
DROP TABLE IF EXISTS `lecturercourses`;
CREATE TABLE IF NOT EXISTS `lecturercourses` (
  `id` varchar(255) NOT NULL,
  `courseID` varchar(11) DEFAULT NULL,
  `lecturerID` int(11) DEFAULT NULL,
  PRIMARY KEY (`id`),
  KEY `courseID` (`courseID`),
  KEY `lecturerID` (`lecturerID`),
  CONSTRAINT `lecturercourses_ibfk_1` FOREIGN KEY (`courseID`) REFERENCES `courses` (`id`),
  CONSTRAINT `lecturercourses_ibfk_2` FOREIGN KEY (`lecturerID`) REFERENCES `lecturer` (`id`)
) ENGINE=InnoDB DEFAULT CHARSET=utf8mb4;

-- Dumping data for table db.lecturercourses: ~273 rows (approximately)
DELETE FROM `lecturercourses`;
/*!40000 ALTER TABLE `lecturercourses` DISABLE KEYS */;
INSERT INTO `lecturercourses` (`id`, `courseID`, `lecturerID`) VALUES
	('AAGM1090', 'AAGM1090', 2018219413),
	('AAGR 1111 ', 'AAGR 1111 ', 2018219415),
	('AAGR 1121 ', 'AAGR 1121 ', 2018219416),
	('AAGR 1131 ', 'AAGR 1131 ', 2018219414),
	('AAGR 1141 ', 'AAGR 1141 ', 2018219416),
	('AAGR 1152 ', 'AAGR 1152 ', 2018219414),
	('AAGR 1172 ', 'AAGR 1172 ', 112),
	('AAGR 1183 ', 'AAGR 1183 ', 114),
	('AAGR 1193 ', 'AAGR 1193 ', 116),
	('AAGR 1232 ', 'AAGR 1232 ', 118),
	('AAGR 2211 ', 'AAGR 2211 ', 120),
	('AAGR 2221 ', 'AAGR 2221 ', 122),
	('AAGR 2241 ', 'AAGR 2241 ', 124),
	('AAGR 2252 ', 'AAGR 2252 ', 126),
	('AAGR 2261 ', 'AAGR 2261 ', 128),
	('AAGR 2271 ', 'AAGR 2271 ', 130),
	('AAGR 2282 ', 'AAGR 2282 ', 132),
	('AAGR 2292 ', 'AAGR 2292 ', 134),
	('AAGR 2342 ', 'AAGR 2342 ', 136),
	('ABMG1210', 'ABMG1210', 138),
	('ACAD 1102L ', 'ACAD 1102L ', 140),
	('ACAD 2101L ', 'ACAD 2101L ', 142),
	('ACAD1102L ', 'ACAD1102L ', 144),
	('ACAD2101L ', 'ACAD2101L ', 146),
	('ACAD2202L ', 'ACAD2202L ', 148),
	('AckerLING3201 ', 'LING3201 ', 150),
	('ACTG 1014 ', 'ACTG 1014 ', 152),
	('ACTG 1054 ', 'ACTG 1054 ', 154),
	('ACTG 4202 ', 'ACTG 4202 ', 156),
	('ACTG1014 ', 'ACTG1014 ', 158),
	('ACTG1054 ', 'ACTG1054 ', 160),
	('ACTG2014 ', 'ACTG2014 ', 162),
	('ACTG3015 ', 'ACTG3015 ', 164),
	('ACTG51015', 'ACTG51015', 166),
	('AGCI1209', 'AGCI1209', 168),
	('AGSC1201', 'AGSC1201', 170),
	('AHFS1030', 'AHFS1030', 172),
	('ALHL 2021 ', 'ALHL 2021 ', 174),
	('ALHL 3002 ', 'ALHL 3002 ', 176),
	('ALHL 3052 ', 'ALHL 3052 ', 178),
	('ALHL 4101 ', 'ALHL 4101 ', 180),
	('ALHL 5301', 'ALHL 5301', 182),
	('ALHL 5351', 'ALHL 5351', 184),
	('ALHL1024 ', 'ALHL1024 ', 186),
	('ALHL2951 ', 'ALHL2951 ', 188),
	('AlitaECED1101', 'ECED1101', 190),
	('AllisonEDUC3703 ', 'EDUC3703 ', 192),
	('Almeta LITR3352 ', 'LITR3352 ', 194),
	('AlstonSOCL1014', 'SOCL1014', 196),
	('Amanda LITR3601 ', 'LITR3601 ', 198),
	('AmosHIST2402 ', 'HIST2402 ', 200),
	('AmundsonECED 2152 ', 'ECED 2152 ', 202),
	('AndesHIST1101 ', 'HIST1101 ', 204),
	('Andrew LING3252 ', 'LING3252 ', 206),
	('ANPD1211', 'ANPD1211', 208),
	('AnstettMATH4502 ', 'MATH4502 ', 210),
	('ARCH1201 ', 'ARCH1201 ', 212),
	('ARCH1301 ', 'ARCH1301 ', 214),
	('ARCH1352 ', 'ARCH1352 ', 216),
	('ARCH1401 ', 'ARCH1401 ', 218),
	('ARCH1452 ', 'ARCH1452 ', 220),
	('ARCH2401 ', 'ARCH2401 ', 222),
	('ARCH2452 ', 'ARCH2452 ', 224),
	('ARCH2552 ', 'ARCH2552 ', 226),
	('ARCH2993 ', 'ARCH2993 ', 228),
	('ArchibaldEDUC1051', 'EDUC1051', 230),
	('ArdeliaESCI4051 ', 'ESCI4051 ', 232),
	('Arvilla EDLD 5052', 'EDLD 5052', 234),
	('ATH 4151 ', 'ATH 4151 ', 236),
	('AvantCMPS3232 ', 'CMPS3232 ', 238),
	('BAEP1050', 'BAEP1050', 240),
	('BarcombECED2302', 'ECED2302', 242),
	('BartosACTG 4052 ', 'ACTG 4052 ', 244),
	('BCOM2014 ', 'BCOM2014 ', 246),
	('BeachumMATH3032 ', 'MATH3032 ', 248),
	('BemisEDUC2224 ', 'EDUC2224 ', 250),
	('BenzHSCI2101', 'HSCI2101', 252),
	('BergmannALHL2905 ', 'ALHL2905 ', 254),
	('BerryMGMT1014', 'MGMT1014', 256),
	('BertaESCI1151', 'ESCI1151', 258),
	('BeulahECED2312', 'ECED2312', 260),
	('BHAP5052', 'BHAP5052', 262),
	('BillmanENGL1025', 'ENGL1025', 264),
	('BIOL 1015 ', 'BIOL 1015 ', 266),
	('BIOL 1015L ', 'BIOL 1015L ', 268),
	('BIOL 1025 ', 'BIOL 1025 ', 270),
	('BIOL 1025L ', 'BIOL 1025L ', 272),
	('BIOL 3352L ', 'BIOL 3352L ', 274),
	('BIOL 340L', 'BIOL 340L', 276),
	('BIOL 4992 ', 'BIOL 4992 ', 278),
	('BIOL1151 ', 'BIOL1151 ', 280),
	('BIOL1151L ', 'BIOL1151L ', 282),
	('BIOL1302 ', 'BIOL1302 ', 284),
	('BIOL1302L ', 'BIOL1302L ', 286),
	('BIOL1332 ', 'BIOL1332 ', 288),
	('BIOL1332L ', 'BIOL1332L ', 290),
	('BIOL1342L', 'BIOL1342L', 292),
	('BIOL2151 ', 'BIOL2151 ', 294),
	('BIOL2351 ', 'BIOL2351 ', 296),
	('BIOL2352 ', 'BIOL2352 ', 298),
	('BIOL2401L', 'BIOL2401L', 300),
	('BIOL2402 ', 'BIOL2402 ', 304),
	('BIOL2552L ', 'BIOL2552L ', 306),
	('BIOL3151L', 'BIOL3151L', 308),
	('BIOL3201 ', 'BIOL3201 ', 310),
	('BIOL3251 ', 'BIOL3251 ', 312),
	('BIOL3251L ', 'BIOL3251L ', 314),
	('BIOL3302L ', 'BIOL3302L ', 316),
	('BIOL3352 ', 'BIOL3352 ', 318),
	('BIOL3362L', 'BIOL3362L', 320),
	('BIOL3402', 'BIOL3402', 324),
	('BIOL3452 ', 'BIOL3452 ', 326),
	('BIOL4151', 'BIOL4151', 328),
	('BIOL4151L', 'BIOL4151L', 330),
	('BIOL4301 ', 'BIOL4301 ', 332),
	('BIOL4352L ', 'BIOL4352L ', 334),
	('BIOL4402 ', 'BIOL4402 ', 336),
	('BIOL4402L', 'BIOL4402L', 338),
	('BIOL4451 ', 'BIOL4451 ', 342),
	('BIOL4451L ', 'BIOL4451L ', 344),
	('BIOL4501 ', 'BIOL4501 ', 346),
	('BIOL4501L ', 'BIOL4501L ', 348),
	('BIOL4551L ', 'BIOL4551L ', 350),
	('BIOL4601 ', 'BIOL4601 ', 352),
	('BIOL4602', 'BIOL4602', 354),
	('BIOL4602L', 'BIOL4602L', 356),
	('BLAW 2014 ', 'BLAW 2014 ', 358),
	('BLAW2014 ', 'BLAW2014 ', 360),
	('BLAW5102', 'BLAW5102', 362),
	('BLDG1101 ', 'BLDG1101 ', 364),
	('BLDG1151 ', 'BLDG1151 ', 366),
	('BLDG1201 ', 'BLDG1201 ', 368),
	('BLDG1202L ', 'BLDG1202L ', 370),
	('BLDG1252 ', 'BLDG1252 ', 372),
	('BLDG1401 ', 'BLDG1401 ', 374),
	('BLDG1452 ', 'BLDG1452 ', 376),
	('BLDG2301', 'BLDG2301', 378),
	('BLDG2352', 'BLDG2352', 382),
	('BLDG2401 ', 'BLDG2401 ', 386),
	('BMLS2052 ', 'BMLS2052 ', 388),
	('BMLS2052L ', 'BMLS2052L ', 390),
	('BMLS3051 ', 'BMLS3051 ', 392),
	('BMLS3051L ', 'BMLS3051L ', 394),
	('BMLS3101 ', 'BMLS3101 ', 396),
	('BMLS3101L', 'BMLS3101L', 398),
	('BMLS3151 ', 'BMLS3151 ', 400),
	('BMLS3151L ', 'BMLS3151L ', 402),
	('BMLS3201 ', 'BMLS3201 ', 404),
	('BMLS3202L', 'BMLS3202L', 406),
	('BMLS3251 ', 'BMLS3251 ', 408),
	('BMLS3251L', 'BMLS3251L', 410),
	('BMLS3302 ', 'BMLS3302 ', 412),
	('BMLS3302L ', 'BMLS3302L ', 414),
	('BMLS3352 ', 'BMLS3352 ', 416),
	('BMLS3352L ', 'BMLS3352L ', 418),
	('BMLS3402 ', 'BMLS3402 ', 420),
	('BMLS3402L ', 'BMLS3402L ', 422),
	('BMLS3452 ', 'BMLS3452 ', 424),
	('BMLS3452L ', 'BMLS3452L ', 426),
	('BMLS3502 ', 'BMLS3502 ', 428),
	('BMLS3553 ', 'BMLS3553 ', 430),
	('BMLS3993 ', 'BMLS3993 ', 432),
	('BMLS4051 ', 'BMLS4051 ', 434),
	('BMLS4051L ', 'BMLS4051L ', 436),
	('BMLS4101 ', 'BMLS4101 ', 438),
	('BMLS4101L ', 'BMLS4101L ', 440),
	('BMLS4151 ', 'BMLS4151 ', 442),
	('BMLS4151L ', 'BMLS4151L ', 444),
	('BMLS4201 ', 'BMLS4201 ', 446),
	('BMLS4201L ', 'BMLS4201L ', 448),
	('BMLS4251 ', 'BMLS4251 ', 450),
	('Bonnie ECED 3451 ', 'ECED 3451 ', 452),
	('BoylesECED1152', 'ECED1152', 454),
	('BPHA3051 ', 'BPHA3051 ', 456),
	('BPHA3101 ', 'BPHA3101 ', 458),
	('BPHA3151 ', 'BPHA3151 ', 460),
	('BPHA3202 ', 'BPHA3202 ', 462),
	('BPHA3252 ', 'BPHA3252 ', 464),
	('BPHA3302 ', 'BPHA3302 ', 466),
	('BPHA3352 ', 'BPHA3352 ', 468),
	('BPHA4051 ', 'BPHA4051 ', 470),
	('BPHA4101 ', 'BPHA4101 ', 472),
	('BPHA4151 ', 'BPHA4151 ', 474),
	('BPHA4201 ', 'BPHA4201 ', 476),
	('BPHA4251 ', 'BPHA4251 ', 478),
	('BPHA4301 ', 'BPHA4301 ', 480),
	('BPHA4352 ', 'BPHA4352 ', 482),
	('BPHA4402 ', 'BPHA4402 ', 484),
	('BPHA4452 ', 'BPHA4452 ', 486),
	('BPHA4502 ', 'BPHA4502 ', 488),
	('BPHA4552 ', 'BPHA4552 ', 490),
	('BPHA4602 ', 'BPHA4602 ', 492),
	('BPHA4652', 'BPHA4652', 494),
	('BPHA4803 ', 'BPHA4803 ', 496),
	('BPHA5991 ', 'BPHA5991 ', 498),
	('BPHA5992 ', 'BPHA5992 ', 500),
	('BreitensteinEDUC1402 ', 'EDUC1402 ', 502),
	('BridgemanESPN3102 ', 'ESPN3102 ', 504),
	('Brittani LITR4452 ', 'LITR4452 ', 506),
	('BurkeyLITR1157', 'LITR1157', 508),
	('BushwayECED3653', 'ECED3653', 510),
	('Carlene LITR3653 ', 'LITR3653 ', 512),
	('CarliEDUC3905 ', 'EDUC3905 ', 514),
	('CarminaEDUC3454 ', 'EDUC3454 ', 516),
	('CaryEDUC3453 ', 'EDUC3453 ', 518),
	('CassyEMAT1152', 'EMAT1152', 520),
	('CayetanoESPN3302', 'ESPN3302', 522),
	('CCPR1012', 'CCPR1012', 524),
	('CGIS 3501 ', 'CGIS 3501 ', 526),
	('CGIS 3552 ', 'CGIS 3552 ', 528),
	('CGIS 3652 ', 'CGIS 3652 ', 530),
	('CGIS 3702 ', 'CGIS 3702 ', 532),
	('CGIS 3992 ', 'CGIS 3992 ', 534),
	('CGIS3451 ', 'CGIS3451 ', 536),
	('CGIS3601 ', 'CGIS3601 ', 538),
	('Charlie EDUC2995 ', 'EDUC2995 ', 540),
	('CHEM 1014 ', 'CHEM 1014 ', 542),
	('CHEM 1015L ', 'CHEM 1015L ', 544),
	('CHEM 1042 ', 'CHEM 1042 ', 546),
	('CHEM 2302 ', 'CHEM 2302 ', 548),
	('CHEM1025 ', 'CHEM1025 ', 550),
	('CHEM1025L ', 'CHEM1025L ', 552),
	('CHEM1032L', 'CHEM1032L', 554),
	('CHEM1161 ', 'CHEM1161 ', 558),
	('CHEM1161L ', 'CHEM1161L ', 560),
	('CHEM1201 ', 'CHEM1201 ', 562),
	('CHEM1201L ', 'CHEM1201L ', 564),
	('CHEM1212 ', 'CHEM1212 ', 566),
	('CHEM1212L ', 'CHEM1212L ', 568),
	('CHEM1252 ', 'CHEM1252 ', 570),
	('CHEM1252L ', 'CHEM1252L ', 572),
	('CHEM2151 ', 'CHEM2151 ', 574),
	('CHEM2151L ', 'CHEM2151L ', 576),
	('CHEM2161 ', 'CHEM2161 ', 578),
	('CHEM2161L ', 'CHEM2161L ', 580),
	('CHEM2201 ', 'CHEM2201 ', 582),
	('CHEM2201L ', 'CHEM2201L ', 584),
	('CHEM3201 ', 'CHEM3201 ', 586),
	('CHEM3201L ', 'CHEM3201L ', 588),
	('CHEM3202 ', 'CHEM3202 ', 590),
	('CHEM3252 ', 'CHEM3252 ', 592),
	('CHEM3352 ', 'CHEM3352 ', 594),
	('CHEM3401 ', 'CHEM3401 ', 596),
	('CHEM3402 ', 'CHEM3402 ', 598),
	('CHEM3451 ', 'CHEM3451 ', 600),
	('CHEM3452L ', 'CHEM3452L ', 602),
	('CHEM3502 ', 'CHEM3502 ', 604),
	('CHEM4201 ', 'CHEM4201 ', 606),
	('CHEM4251 ', 'CHEM4251 ', 608),
	('CHEM4301 ', 'CHEM4301 ', 610),
	('CHEM4351 ', 'CHEM4351 ', 612),
	('CHEM4401L', 'CHEM4401L', 614),
	('CHEM4452 ', 'CHEM4452 ', 616),
	('CHEM4492 ', 'CHEM4492 ', 618),
	('CHEM4502 ', 'CHEM4502 ', 620),
	('CIVL 2993 ', 'CIVL 2993 ', 622),
	('CIVL1101 ', 'CIVL1101 ', 624),
	('CIVL1152 ', 'CIVL1152 ', 626),
	('CIVL1202 ', 'CIVL1202 ', 628),
	('CIVL1252 ', 'CIVL1252 ', 630),
	('CIVL2101 ', 'CIVL2101 ', 632),
	('CIVL2152 ', 'CIVL2152 ', 634),
	('CIVL2201 ', 'CIVL2201 ', 636),
	('CIVL2451 ', 'CIVL2451 ', 638),
	('CIVL2502', 'CIVL2502', 640),
	('Claudia MGMT1014 ', 'MGMT1014 ', 644),
	('Claudine HIST1014 ', 'HIST1014 ', 646),
	('CliffordSOCL1014 ', 'SOCL1014 ', 648),
	('ClintonEDUC2552', 'EDUC2552', 650),
	('CMPPS2131', 'CMPPS2131', 652),
	('CMPS 1024 ', 'CMPS 1024 ', 654),
	('CMPS 1124 ', 'CMPS 1124 ', 656),
	('CMPS 2122 ', 'CMPS 2122 ', 658),
	('ENGL1025', 'ENGL1025', 2018219416);
/*!40000 ALTER TABLE `lecturercourses` ENABLE KEYS */;

-- Dumping structure for table db.loginstatus
DROP TABLE IF EXISTS `loginstatus`;
CREATE TABLE IF NOT EXISTS `loginstatus` (
  `id` int(11) NOT NULL AUTO_INCREMENT,
  `lastLogin` date DEFAULT NULL,
  PRIMARY KEY (`id`)
) ENGINE=InnoDB DEFAULT CHARSET=utf8mb4;

-- Dumping data for table db.loginstatus: ~0 rows (approximately)
DELETE FROM `loginstatus`;
/*!40000 ALTER TABLE `loginstatus` DISABLE KEYS */;
/*!40000 ALTER TABLE `loginstatus` ENABLE KEYS */;

-- Dumping structure for table db.person
DROP TABLE IF EXISTS `person`;
CREATE TABLE IF NOT EXISTS `person` (
  `id` int(11) NOT NULL AUTO_INCREMENT,
  `firstname` varchar(255) DEFAULT NULL,
  `middlename` varchar(255) DEFAULT NULL,
  `lastname` varchar(255) DEFAULT NULL,
  PRIMARY KEY (`id`)
) ENGINE=InnoDB AUTO_INCREMENT=63 DEFAULT CHARSET=utf8mb4;

-- Dumping data for table db.person: ~46 rows (approximately)
DELETE FROM `person`;
/*!40000 ALTER TABLE `person` DISABLE KEYS */;
INSERT INTO `person` (`id`, `firstname`, `middlename`, `lastname`) VALUES
	(1, 'Admin', 'Admin', 'Admin'),
	(2, 'lecturer', 'lecturer', 'lecturer'),
	(3, 'Ferdi', NULL, 'Heredia'),
	(11, 'Fredz', NULL, 'Fredz'),
	(12, 'Fredz', NULL, 'Fredz'),
	(13, 'userID', NULL, 'userID'),
	(14, 'userID', NULL, 'userID'),
	(15, 'test2@gmail.com', NULL, 'test2@gmail.com'),
	(16, 'test2@gmail.com', NULL, 'test2@gmail.com'),
	(17, 'usertesting', NULL, 'usertesting'),
	(18, 'usertesting', NULL, 'usertesting'),
	(19, 'Miguel', NULL, 'Avila'),
	(20, 'Miguel', NULL, 'Avila'),
	(21, 'Lec', NULL, 'Lec'),
	(22, 'Lec', NULL, 'Lec'),
	(23, 'LEctur', NULL, 'LEctur'),
	(24, 'LEctur', NULL, 'LEctur'),
	(25, 'Test', NULL, 'Test'),
	(26, 'Test', NULL, 'Test'),
	(27, 'hell', 'heaven', 'earth'),
	(28, 'Bachelor@gmail.com', NULL, 'Bachelor@gmail.com'),
	(29, 'Bachelor@gmail.com', NULL, 'Bachelor@gmail.com'),
	(30, 'userId@gmail.com', NULL, 'userId@gmail.com'),
	(31, 'userId@gmail.com', NULL, 'userId@gmail.com'),
	(32, 'userID@gmail.com', NULL, 'userID@gmail.com'),
	(33, 'userID@gmail.com', NULL, 'userID@gmail.com'),
	(34, 'QString@gmail.com', NULL, 'QString@gmail.com'),
	(35, 'QString@gmail.com', NULL, 'QString@gmail.com'),
	(36, 'yr@gmil.com', NULL, 'yr@gmil.com'),
	(37, 'yr@gmil.com', NULL, 'yr@gmil.com'),
	(38, 'yr@gmil.com', NULL, 'yr@gmil.com'),
	(39, 'yr@gmil.com', NULL, 'yr@gmil.com'),
	(40, 'admissionYear@gmail.com', NULL, 'admissionYear@gmail.com'),
	(41, 'admissionYear@gmail.com', NULL, 'admissionYear@gmail.com'),
	(42, 'admission@gmail.com', NULL, 'admission@gmail.com'),
	(43, 'admission@gmail.com', NULL, 'admission@gmail.com'),
	(44, 'algo@gmail.cm', NULL, 'algo@gmail.cm'),
	(45, 'algo@gmail.cm', NULL, 'algo@gmail.cm'),
	(46, 'algo@gmail.cm', NULL, 'algo@gmail.cm'),
	(47, 'algo@gmail.cm', NULL, 'algo@gmail.cm'),
	(48, 'yr', NULL, 'yr'),
	(49, 'yr', NULL, 'yr'),
	(50, 'yr@gmil.com', NULL, 'yr@gmil.com'),
	(51, 'yr@gmil.com', NULL, 'yr@gmil.com'),
	(52, 'algo@gmail.cm', NULL, 'algo@gmail.cm'),
	(53, 'algo@gmail.cm', NULL, 'algo@gmail.cm'),
	(54, 'TQ1404', NULL, 'TQ1404'),
	(55, 'TQ1404', NULL, 'TQ1404'),
	(56, 'testuser', NULL, 'testuser'),
	(57, 'testuser', NULL, 'testuser'),
	(58, 'Miguel ', NULL, 'Avila'),
	(59, 'Miguel ', NULL, 'Avila'),
	(60, 'hell', 'ea', 'earth'),
	(61, 'david ', NULL, 'Garica'),
	(62, 'david ', NULL, 'Garica');
/*!40000 ALTER TABLE `person` ENABLE KEYS */;

-- Dumping structure for table db.prequisites
DROP TABLE IF EXISTS `prequisites`;
CREATE TABLE IF NOT EXISTS `prequisites` (
  `id` varchar(255) NOT NULL,
  `prequisite` varchar(255) DEFAULT NULL,
  PRIMARY KEY (`id`),
  CONSTRAINT `prequisites_ibfk_1` FOREIGN KEY (`id`) REFERENCES `courses` (`id`)
) ENGINE=InnoDB DEFAULT CHARSET=utf8mb4;

-- Dumping data for table db.prequisites: ~83 rows (approximately)
DELETE FROM `prequisites`;
/*!40000 ALTER TABLE `prequisites` DISABLE KEYS */;
INSERT INTO `prequisites` (`id`, `prequisite`) VALUES
	('ACTG1014', 'NONE'),
	('ACTG1054', 'PRINCIPLES OF ACCOUNTING I(ACTG1014)&PRINCIPLES OF FINANCIAL ACTG I'),
	('BCOM2014', '(College English II )ENGL1025 '),
	('BIOL1015', 'High School Biology '),
	('BIOL1015L', 'NONE'),
	('BIOL1025', 'GENERAL BIOLOGY I(BIOL1015)'),
	('BIOL1025L', 'GENERAL BIOLOGY I LAB'),
	('BMLS3553', 'NONE'),
	('BMLS3993', 'NONE'),
	('BMLS4101', 'BMLS3452 '),
	('CHEM1015', 'NONE'),
	('CHEM1015L', 'NONE'),
	('CHEM1025', 'GENERAL CHEMISTRY I(CHEM1015)'),
	('CHEM1025L', 'GENERAL CHEMISTRY I(CHEM1015)&GENERAL CHEMISTRY I LAB(CHEM1015L)'),
	('CHEM1032', 'GENERAL CHEMISTRY I(CHEM1015)&GENERAL CHEMISTRY I LAB(CHEM1015L)&CHEM1201 '),
	('CHEM1032L', 'GENERAL CHEMISTRY I(CHEM1015)/GENERAL CHEMISTRY I LAB(CHEM1015L) or CHEM1201L '),
	('CHEM2201', 'CHEM1252 CO-REQ: CHEM2201L '),
	('CIVL1202', 'NONE'),
	('CIVL1252', 'PHYS1041 '),
	('CMPS1014', 'NONE'),
	('CMPS1024', 'INTRODUCTION TO COMPUTER STUDIES(CMPS1014 )'),
	('CMPS1124', 'NONE'),
	('CMPS3012', 'COMPUTER BUSINESS APPLICATION(CMPS1024)& FUNDAMENTALS OF MANAGEMENT (MGMT1014) '),
	('EART2153', 'EDUC1402 '),
	('ECED1253', 'NONE'),
	('ECED3401', 'NONE'),
	('ECED3451', 'NONE'),
	('ECON1014', 'NONE'),
	('ECON2015', 'NONE'),
	('EDUC1051', 'NONE'),
	('EDUC1252', 'PSYC1014 '),
	('EDUC3101', 'INTRODUCTION TO SOCIOLOGY(SOCL1014 )'),
	('EDUC3252', 'INTRODUCTION TO PSYCHOLOGY(PSYC1014)& PSYC221 '),
	('EDUC3302', 'EDUC2224 '),
	('EDUC3403', 'INTRODUCTION TO PSYCHOLOGY(PSYC1014)'),
	('EDUC3451', 'COLLEGE ENGLISH II(ENGL1025 )'),
	('EDUC3453', 'EDUC2224 or EDUC1402 '),
	('EDUC3454', 'INTRODUCTION TO COMPUTER STUDIES(CMPS1014)'),
	('EDUC3552', 'INTRODUCTION TO PSYCHOLOGY(PSYC1014)'),
	('EDUC4153', 'ETHICS(PHIL1014) '),
	('EDUC4256', 'NONE'),
	('EENG2202', 'EENG2151 '),
	('EMAT1152', 'NONE'),
	('EMAT2151', 'EDUC1402 '),
	('EMAT3352', 'NONE'),
	('ENGL1014', 'PRE-COLLEGE ENGLISH II(ENGL0095)'),
	('ENGL1025', 'COLLEGE ENGLISH I(	ENGL1014)'),
	('ENGL1035', 'COLLEGE ENGLISH II(ENGL1025)'),
	('ENGL2105', 'COLLEGE ENGLISH I(ENGL1014)  COLLEGE ENGLISH II(ENGL1025)'),
	('ENGL3155', 'COLLEGE ENGLISH II(ENGL1025)'),
	('ENGL3312', 'ENGL1025 '),
	('EPHY2153', 'EDUC1402 '),
	('ESCI1151', 'NONE'),
	('ESCI2102', 'EDUC1402 '),
	('ESCI2152', 'ESCI1151, EDUC1402 '),
	('HIST1014', 'ENGL1014 '),
	('LING1152', 'COLLEGE ENGLISH I(ENGL1014 )'),
	('MATH1014', 'ATLIB score of 35 and above OR PLAM0014 with a grade of "P" pass.  /DEVELOPMENTAL MATH(MATH0014)'),
	('MATH1151', 'High School General Math '),
	('MATH1201', 'High School General Math/INTERMEDIATE ALGEBRA(MATH1014) '),
	('MATH1302', 'ALGEBRA(MATH1151)'),
	('MATH2025', 'ALGEBRA(MATH1151)    INTERMEDIATE ALGEBRA(MATH1014)'),
	('MATH2201', 'MATH1252, CALCULUS I(MATH1302 )'),
	('MATH3025', 'BUSINESS STATISTICS I(MATH2025)'),
	('MGMT1014', 'NONE'),
	('MGMT2015', 'MGMT1014 '),
	('MGMT2055', 'FUNDAMENTALS OF MANAGEMENT(MGMT1014 )'),
	('MIDW3302', 'NONE'),
	('MIDW3302L', 'NONE'),
	('MIDW3352', 'NONE'),
	('MIDW3992', 'NONE'),
	('PHIL1014', 'NONE'),
	('PHYS1015', 'MATH1201 '),
	('PHYS1015L', 'NONE'),
	('PHYS1025', 'NONE'),
	('PHYS1025L', 'NONE'),
	('PSYC1014', 'NONE'),
	('RSCH2014', 'COLLEGE ENGLISH II(ENGL1025)& MATH2025 '),
	('SOCL1014', 'NONE'),
	('SPAN1015', 'NONE'),
	('SPAN1025', 'PLACEMENT TEST and LEVEL 1 BEGINNERS SPANISH(SPAN1015) '),
	('SPAN2015', ' LEVEL 1 BEGINNERS SPANISH(SPAN1015)  & LEVEL 2 LOWER-INTERMEDIATE SPANISH(SPAN1025)'),
	('SPED3111', 'INTRODUCTION TO PSYCHOLOGY(PSYC1014)');
/*!40000 ALTER TABLE `prequisites` ENABLE KEYS */;

-- Dumping structure for table db.programsequence
DROP TABLE IF EXISTS `programsequence`;
CREATE TABLE IF NOT EXISTS `programsequence` (
  `id` varchar(255) NOT NULL,
  `code` varchar(255) DEFAULT NULL,
  `pSYear` varchar(4) DEFAULT NULL,
  `academicProgramID` varchar(255) DEFAULT NULL,
  PRIMARY KEY (`id`),
  KEY `academicProgramID` (`academicProgramID`),
  CONSTRAINT `programsequence_ibfk_1` FOREIGN KEY (`academicProgramID`) REFERENCES `academicprogram` (`id`)
) ENGINE=InnoDB DEFAULT CHARSET=utf8mb4;

-- Dumping data for table db.programsequence: ~130 rows (approximately)
DELETE FROM `programsequence`;
/*!40000 ALTER TABLE `programsequence` DISABLE KEYS */;
INSERT INTO `programsequence` (`id`, `code`, `pSYear`, `academicProgramID`) VALUES
	('RP1402', 'ABCB102', '2019', 'ABCB102'),
	('RP1403', 'ABUS105', '2019', 'ABUS105'),
	('RP1404', 'AECE108', '2019', 'AECE108'),
	('RP1405', 'AM&P111', '2019', 'AM&P111'),
	('RP1406', 'AMLT114', '2019', 'AMLT114'),
	('RP1407', 'APRE117', '2019', 'APRE117'),
	('RP1408', 'BACC120', '2019', 'BACC120'),
	('RP1409', 'BBIE123', '2019', 'BBIE123'),
	('RP1410', 'BBMN-PT126', '2019', 'BBMN-PT126'),
	('RP1411', 'BBUE-MGMT129', '2019', 'BBUE-MGMT129'),
	('RP1412', 'BENG132', '2019', 'BENG132'),
	('RP1413', 'BINT135', '2019', 'BINT135'),
	('RP1414', 'BMAT138', '2019', 'BMAT138'),
	('RP1415', 'BMLS141', '2019', 'BMLS141'),
	('RP1416', 'BNURS144', '2019', 'BNURS144'),
	('RP1417', 'BPMS-PT147', '2019', 'BPMS-PT147'),
	('RP1418', 'BSED150', '2019', 'BSED150'),
	('RP1419', 'BTOM153', '2019', 'BTOM153'),
	('RP1420', 'CGIS156', '2019', 'CGIS156'),
	('RP1421', 'CPNP159', '2019', 'CPNP159'),
	('RP1422', 'MBA162', '2019', 'MBA162'),
	('RP1423', 'AAGR100', '2016', 'AAGR100'),
	('RP1424', 'ABCE103', '2016', 'ABCE103'),
	('RP1425', 'ACHM106', '2016', 'ACHM106'),
	('RP1426', 'AENG109', '2016', 'AENG109'),
	('RP1427', 'AMAT112', '2016', 'AMAT112'),
	('RP1428', 'ANRM115', '2016', 'ANRM115'),
	('RP1429', 'ASOW118', '2016', 'ASOW118'),
	('RP1430', 'BAGR121', '2016', 'BAGR121'),
	('RP1431', 'BBIO124', '2016', 'BBIO124'),
	('RP1432', 'BBUE-ACC127', '2016', 'BBUE-ACC127'),
	('RP1433', 'BCHM130', '2016', 'BCHM130'),
	('RP1434', 'BHIS133', '2016', 'BHIS133'),
	('RP1435', 'BMAB136', '2016', 'BMAB136'),
	('RP1436', 'BMKt-FT139', '2016', 'BMKt-FT139'),
	('RP1437', 'BNRM142', '2016', 'BNRM142'),
	('RP1438', 'BPHA145', '2016', 'BPHA145'),
	('RP1439', 'BPRE148', '2016', 'BPRE148'),
	('RP1440', 'BSOW151', '2016', 'BSOW151'),
	('RP1441', 'CAGR154', '2016', 'CAGR154'),
	('RP1442', 'CMID157', '2016', 'CMID157'),
	('RP1443', 'CPRN160', '2016', 'CPRN160'),
	('RP1444', 'MBBS163', '2016', 'MBBS163'),
	('SQ1400', 'AAGR100', '2019', 'AAGR100'),
	('SQ1401', 'ABCE103', '2019', 'ABCE103'),
	('SQ1402', 'ACHM106', '2019', 'ACHM106'),
	('SQ1403', 'AENG109', '2019', 'AENG109'),
	('SQ1404', 'AMAT112', '2019', 'AMAT112'),
	('SQ1405', 'ANRM115', '2019', 'ANRM115'),
	('SQ1406', 'ASOW118', '2019', 'ASOW118'),
	('SQ1407', 'BAGR121', '2019', 'BAGR121'),
	('SQ1408', 'BBIO124', '2019', 'BBIO124'),
	('SQ1409', 'BBUE-ACC127', '2019', 'BBUE-ACC127'),
	('SQ1410', 'BCHM130', '2019', 'BCHM130'),
	('SQ1411', 'BHIS133', '2019', 'BHIS133'),
	('SQ1412', 'BMAB136', '2019', 'BMAB136'),
	('SQ1413', 'BMKt-FT139', '2019', 'BMKt-FT139'),
	('SQ1414', 'BNRM142', '2019', 'BNRM142'),
	('SQ1415', 'BPHA145', '2019', 'BPHA145'),
	('SQ1416', 'BPRE148', '2019', 'BPRE148'),
	('SQ1417', 'BSOW151', '2019', 'BSOW151'),
	('SQ1418', 'CAGR154', '2019', 'CAGR154'),
	('SQ1419', 'CMID157', '2019', 'CMID157'),
	('SQ1420', 'CPRN160', '2019', 'CPRN160'),
	('SQ1421', 'MBBS163', '2019', 'MBBS163'),
	('SQ1422', 'AARC101', '2016', 'AARC101'),
	('SQ1423', 'ABIO104', '2016', 'ABIO104'),
	('SQ1424', 'ACMB107', '2016', 'ACMB107'),
	('SQ1425', 'AINT110', '2016', 'AINT110'),
	('SQ1426', 'AMEE113', '2016', 'AMEE113'),
	('SQ1427', 'APHA116', '2016', 'APHA116'),
	('SQ1428', 'ATOS119', '2016', 'ATOS119'),
	('SQ1429', 'BBFN122', '2016', 'BBFN122'),
	('SQ1430', 'BBMN-FT125', '2016', 'BBMN-FT125'),
	('SQ1431', 'BBUE-IT128', '2016', 'BBUE-IT128'),
	('SQ1432', 'BENE131', '2016', 'BENE131'),
	('SQ1433', 'BHOS134', '2016', 'BHOS134'),
	('SQ1434', 'BMAE137', '2016', 'BMAE137'),
	('SQ1435', 'BMKt-PT140', '2016', 'BMKt-PT140'),
	('SQ1436', 'BNUR143', '2016', 'BNUR143'),
	('SQ1437', 'BPMS-FT146', '2016', 'BPMS-FT146'),
	('SQ1438', 'BPSM-COHORT3149', '2016', 'BPSM-COHORT3149'),
	('SQ1439', 'BSTA152', '2016', 'BSTA152'),
	('SQ1440', 'CECE155', '2016', 'CECE155'),
	('SQ1441', 'CPED158', '2016', 'CPED158'),
	('SQ1442', 'DEDM161', '2016', 'DEDM161'),
	('SQ1443', 'MEDL164', '2016', 'MEDL164'),
	('TQ1401', 'AARC101', '2019', 'AARC101'),
	('TQ1402', 'ABIO104', '2019', 'ABIO104'),
	('TQ1403', 'ACMB107', '2019', 'ACMB107'),
	('TQ1404', 'AINT110', '2019', 'AINT110'),
	('TQ1405', 'AMEE113', '2019', 'AMEE113'),
	('TQ1406', 'APHA116', '2019', 'APHA116'),
	('TQ1407', 'ATOS119', '2019', 'ATOS119'),
	('TQ1408', 'BBFN122', '2019', 'BBFN122'),
	('TQ1409', 'BBMN-FT125', '2019', 'BBMN-FT125'),
	('TQ1410', 'BBUE-IT128', '2019', 'BBUE-IT128'),
	('TQ1411', 'BENE131', '2019', 'BENE131'),
	('TQ1412', 'BHOS134', '2019', 'BHOS134'),
	('TQ1413', 'BMAE137', '2019', 'BMAE137'),
	('TQ1414', 'BMKt-PT140', '2019', 'BMKt-PT140'),
	('TQ1415', 'BNUR143', '2019', 'BNUR143'),
	('TQ1416', 'BPMS-FT146', '2019', 'BPMS-FT146'),
	('TQ1417', 'BPSM-COHORT3149', '2019', 'BPSM-COHORT3149'),
	('TQ1418', 'BSTA152', '2019', 'BSTA152'),
	('TQ1419', 'CECE155', '2019', 'CECE155'),
	('TQ1420', 'CPED158', '2019', 'CPED158'),
	('TQ1421', 'DEDM161', '2019', 'DEDM161'),
	('TQ1422', 'MEDL164', '2019', 'MEDL164'),
	('TQ1423', 'ABCB102', '2016', 'ABCB102'),
	('TQ1424', 'ABUS105', '2016', 'ABUS105'),
	('TQ1425', 'AECE108', '2016', 'AECE108'),
	('TQ1426', 'AM&P111', '2016', 'AM&P111'),
	('TQ1427', 'AMLT114', '2016', 'AMLT114'),
	('TQ1428', 'APRE117', '2016', 'APRE117'),
	('TQ1429', 'BACC120', '2016', 'BACC120'),
	('TQ1430', 'BBIE123', '2016', 'BBIE123'),
	('TQ1431', 'BBMN-PT126', '2016', 'BBMN-PT126'),
	('TQ1432', 'BBUE-MGMT129', '2016', 'BBUE-MGMT129'),
	('TQ1433', 'BENG132', '2016', 'BENG132'),
	('TQ1434', 'BINT135', '2016', 'BINT135'),
	('TQ1435', 'BMAT138', '2016', 'BMAT138'),
	('TQ1436', 'BMLS141', '2016', 'BMLS141'),
	('TQ1437', 'BNURS144', '2016', 'BNURS144'),
	('TQ1438', 'BPMS-PT147', '2016', 'BPMS-PT147'),
	('TQ1439', 'BSED150', '2016', 'BSED150'),
	('TQ1440', 'BTOM153', '2016', 'BTOM153'),
	('TQ1441', 'CGIS156', '2016', 'CGIS156'),
	('TQ1442', 'CPNP159', '2016', 'CPNP159'),
	('TQ1443', 'MBA162', '2016', 'MBA162');
/*!40000 ALTER TABLE `programsequence` ENABLE KEYS */;

-- Dumping structure for table db.programsequencecourses
DROP TABLE IF EXISTS `programsequencecourses`;
CREATE TABLE IF NOT EXISTS `programsequencecourses` (
  `programSequenceid` varchar(255) NOT NULL,
  `courseID` varchar(255) DEFAULT NULL,
  KEY `programSequenceid` (`programSequenceid`),
  KEY `courseID` (`courseID`),
  CONSTRAINT `programsequencecourses_ibfk_1` FOREIGN KEY (`programSequenceid`) REFERENCES `programsequence` (`id`),
  CONSTRAINT `programsequencecourses_ibfk_2` FOREIGN KEY (`courseID`) REFERENCES `courses` (`id`)
) ENGINE=InnoDB DEFAULT CHARSET=utf8mb4;

-- Dumping data for table db.programsequencecourses: ~2,916 rows (approximately)
DELETE FROM `programsequencecourses`;
/*!40000 ALTER TABLE `programsequencecourses` DISABLE KEYS */;
INSERT INTO `programsequencecourses` (`programSequenceid`, `courseID`) VALUES
	('RP1423', 'ENGL1014 '),
	('RP1423', 'CMPS1014 '),
	('RP1423', 'ENGL1025 '),
	('RP1423', 'MATH1014 '),
	('RP1423', 'AAGR 1172 '),
	('RP1423', 'AAGR 1183 '),
	('RP1423', 'AAGR 1193 '),
	('RP1423', 'ECON 1014 '),
	('RP1423', 'AAGR 2211 '),
	('RP1423', 'AAGR 2271 '),
	('RP1423', 'SPAN 1025 '),
	('RP1423', 'AAGR 2221 '),
	('RP1423', 'AAGR 2261 '),
	('RP1423', 'AAGR 2241 '),
	('RP1423', 'AAGR 2252 '),
	('RP1423', 'AAGR 2292 '),
	('RP1423', 'AAGR 2342 '),
	('RP1423', 'AAGR 2282 '),
	('SQ1422', 'ARCH1401 '),
	('SQ1422', 'ARCH1301 '),
	('SQ1422', 'ENGL1014 '),
	('SQ1422', 'MATH1014 '),
	('SQ1422', 'CIVL1101 '),
	('SQ1422', 'BLDG1101 '),
	('SQ1422', 'ARCH1201 '),
	('SQ1422', 'PHYS1014 '),
	('SQ1422', 'ARCH1452 '),
	('SQ1422', 'ARCH1352 '),
	('SQ1422', 'MATH1151 '),
	('SQ1422', 'ENGL1025 '),
	('SQ1422', 'CIVL1252 '),
	('SQ1422', 'CIVL1202 '),
	('SQ1422', 'CIVL1152 '),
	('SQ1422', 'ARCH2993 '),
	('SQ1422', 'ACAD1102L '),
	('SQ1422', 'CIVL2451 '),
	('SQ1422', 'MATH1201 '),
	('SQ1422', 'PSYC1014 '),
	('SQ1422', 'ARCH2401 '),
	('SQ1422', 'CIVL2101 '),
	('SQ1422', 'BLDG2301 '),
	('SQ1422', 'ACAD2101L '),
	('SQ1422', 'CIVL2502 '),
	('SQ1422', 'MATH1302 '),
	('SQ1422', 'ARCH2452 '),
	('SQ1422', 'ARCH2552 '),
	('SQ1422', 'CIVL2152 '),
	('SQ1422', 'BLDG2352 '),
	('SQ1422', 'ACAD2202L '),
	('TQ1423', 'CHEM1201 '),
	('TQ1423', 'CHEM1201L '),
	('TQ1423', 'BIOL1151 '),
	('TQ1423', 'BIOL1151L '),
	('TQ1423', 'ENGL1014 '),
	('TQ1423', 'MATH1151 '),
	('TQ1423', 'MATH1201 '),
	('TQ1423', 'CHEM1212 '),
	('TQ1423', 'CHEM1212L '),
	('TQ1423', 'CHEM1032 '),
	('TQ1423', 'CHEM1032L'),
	('TQ1423', 'ENGL1025 '),
	('TQ1423', 'BIOL1302 '),
	('TQ1423', 'BIOL1302L '),
	('TQ1423', 'BIOL1332L '),
	('TQ1423', 'BIOL1332L '),
	('TQ1423', 'CHEM2161 '),
	('TQ1423', 'CHEM2161L '),
	('TQ1423', 'CHEM1252 '),
	('TQ1423', 'PHYS1015 '),
	('TQ1423', 'PHYS1015L '),
	('TQ1423', 'BIOL2151 '),
	('TQ1423', 'BIOL2351 '),
	('TQ1423', 'BIOL2401L '),
	('TQ1423', 'CHEM2201 '),
	('TQ1423', 'CHEM2201 '),
	('TQ1423', 'BIOL2352 '),
	('TQ1423', 'BIOL2402 '),
	('TQ1423', 'BIOL2552L '),
	('RP1424', 'BLDG1401 '),
	('RP1424', 'ENGL1014 '),
	('RP1424', 'MATH1014 '),
	('RP1424', 'BLDG1101 '),
	('RP1424', 'CIVL1101 '),
	('RP1424', 'BLDG1151 '),
	('RP1424', 'BLDG1201 '),
	('RP1424', 'PHYS1041 '),
	('RP1424', 'BLDG1452 '),
	('RP1424', 'MATH1151 '),
	('RP1424', 'ENGL 1025 '),
	('RP1424', 'CIVL1202 '),
	('RP1424', 'CIVL1152 '),
	('RP1424', 'CIVL1252 '),
	('RP1424', 'BLDG1202L '),
	('RP1424', 'BLDG1252 '),
	('RP1424', 'ACAD1102L '),
	('RP1424', 'CIVL 2993 '),
	('RP1424', 'BLDG2401 '),
	('RP1424', 'CIVL2451 '),
	('RP1424', 'MATH1201 '),
	('RP1424', 'CIVL2201 '),
	('RP1424', 'CIVL2101 '),
	('RP1424', 'CIVL2101 '),
	('RP1424', 'BLDG2301'),
	('RP1424', 'ACAD2101L '),
	('RP1424', 'CIVL2502'),
	('RP1424', 'MATH1302 '),
	('RP1424', 'ARCH2452 '),
	('RP1424', 'CIVL2152 '),
	('RP1424', 'ELEC2122 '),
	('RP1424', 'BLDG2352'),
	('SQ1423', 'BIOL1151 '),
	('SQ1423', 'BIOL1151L '),
	('SQ1423', 'CHEM1015 '),
	('SQ1423', 'CHEM1015l '),
	('SQ1423', 'MATH1014 '),
	('SQ1423', 'ENGL1014 '),
	('SQ1423', 'BIOL1302 '),
	('SQ1423', 'BIOL1302l '),
	('SQ1423', 'BIOL1332 '),
	('SQ1423', 'BIOL1342L'),
	('SQ1423', 'CHEM1025 '),
	('SQ1423', 'CHEM1025L '),
	('SQ1423', 'ENGL1025 '),
	('SQ1423', 'BIOL2151 '),
	('SQ1423', 'BIOL2351 '),
	('SQ1423', 'BIOL2401L'),
	('SQ1423', 'PHYS1312 '),
	('SQ1423', 'PHYS1312L '),
	('SQ1423', 'MATH2011 '),
	('SQ1423', 'BIOL2352 '),
	('SQ1423', 'BIOL2402 '),
	('SQ1423', 'BIOL2552L '),
	('SQ1423', 'CHEM1032 '),
	('SQ1423', 'CHEM1032L'),
	('TQ1424', 'CMPS1014 '),
	('TQ1424', 'ENGL1014 '),
	('TQ1424', 'MATH1014 '),
	('TQ1424', 'PHIL1014 '),
	('TQ1424', 'MGMT1014 '),
	('TQ1424', 'ACTG1054 '),
	('TQ1424', 'CMPS1024 '),
	('TQ1424', 'ENGL1025 '),
	('TQ1424', 'SPAN1015 '),
	('TQ1424', 'MATH2025 '),
	('TQ1424', 'NRMP1014 '),
	('TQ1424', 'BCOM2014 '),
	('TQ1424', 'BLAW2014 '),
	('TQ1424', 'ECON2015 '),
	('TQ1424', 'FNAN2014 '),
	('TQ1424', 'MKTG2015 '),
	('TQ1424', 'SOCL1014 '),
	('TQ1424', 'ENGL 1035 '),
	('TQ1424', 'MGMT2015 '),
	('TQ1424', 'MGMT2055 '),
	('TQ1424', 'HIST1014 '),
	('TQ1424', 'RSCH2014 '),
	('TQ1424', 'PSYC1014 '),
	('RP1425', 'CHEM1161 '),
	('RP1425', 'CHEM1161L '),
	('RP1425', 'BIOL1151 '),
	('RP1425', 'BIOL1151L '),
	('RP1425', 'ENGL1014 '),
	('RP1425', 'MATH1151 '),
	('RP1425', 'MATH1201 '),
	('RP1425', 'CHEM1212 '),
	('RP1425', 'CHEM1212L '),
	('RP1425', 'CHEM1032 '),
	('RP1425', 'CHEM1032L '),
	('RP1425', 'ENGL1025 '),
	('RP1425', 'MATH1392 '),
	('RP1425', 'CHEM2161 '),
	('RP1425', 'CHEM2161L '),
	('RP1425', 'CHEM1252 '),
	('RP1425', 'CHEM1252L '),
	('RP1425', 'PHYS 1015 '),
	('RP1425', 'PHYS 1015L '),
	('RP1425', 'CHEM2201 '),
	('RP1425', 'CHEM2201L '),
	('SQ1424', 'CHEM1201 '),
	('SQ1424', 'CHEM1201L '),
	('SQ1424', 'ENGL1014 '),
	('SQ1424', 'MATH1151 '),
	('SQ1424', 'MATH1201 '),
	('SQ1424', 'SPAN1025'),
	('SQ1424', 'CHEM1212 '),
	('SQ1424', 'CHEM1212L '),
	('SQ1424', 'CHEM1032 '),
	('SQ1424', 'CHEM1032L '),
	('SQ1424', 'ENGL1025 '),
	('SQ1424', 'MATH1302 '),
	('SQ1424', 'MATH1212 '),
	('SQ1424', 'CHEM2161 '),
	('SQ1424', 'CHEM2161L '),
	('SQ1424', 'CHEM1252 '),
	('SQ1424', 'PHYS1015 '),
	('SQ1424', 'PHYS1015L '),
	('SQ1424', 'MATH2151 '),
	('SQ1424', 'MATH2251 '),
	('SQ1424', 'CMPS1131 '),
	('SQ1424', 'CHEM2201 '),
	('SQ1424', 'CHEM2201L '),
	('SQ1424', 'MATH2352 '),
	('SQ1424', 'MATH2302 '),
	('SQ1425', 'CMPS1134 '),
	('SQ1425', 'CMPS1131 '),
	('SQ1425', 'MATH1151 '),
	('SQ1425', 'MATH1201 '),
	('SQ1425', 'ENGL1014 '),
	('SQ1425', 'PHIL1014 '),
	('SQ1425', 'CMPS1232 '),
	('SQ1425', 'CMPS1211 '),
	('SQ1425', 'CMPS1171 '),
	('SQ1425', 'MATH1302 '),
	('SQ1425', 'ENGL1025 '),
	('SQ1425', 'SPAN1025 '),
	('SQ1425', 'CMPPS2131'),
	('SQ1425', 'CMPS2111'),
	('SQ1425', 'CMPS2151 '),
	('SQ1425', 'ENGL1035 '),
	('SQ1425', 'MATH 2201 '),
	('SQ1425', 'MGMT1014'),
	('SQ1425', 'CMPS1191 '),
	('SQ1425', 'CMPS2212 '),
	('SQ1425', 'CMPS2232 '),
	('SQ1425', 'CMPS2242'),
	('SQ1425', 'CMPS2992 '),
	('SQ1425', 'PSYC1014 '),
	('SQ1425', 'HIST1014 '),
	('TQ1426', 'PHYS1201 '),
	('TQ1426', 'PHYS1251L '),
	('TQ1426', 'MATH1151 '),
	('TQ1426', 'MATH1201 '),
	('TQ1426', 'CMPS 1124 '),
	('TQ1426', 'PHYS1312 '),
	('TQ1426', 'PHYS1402L '),
	('TQ1426', 'MATH1252 '),
	('TQ1426', 'MATH1302 '),
	('TQ1426', 'MATH 1212 '),
	('TQ1426', 'PHYS1162 F'),
	('TQ1426', 'CMPS 2122 '),
	('TQ1426', 'PHYS2161 '),
	('TQ1426', 'PHYS2251L '),
	('TQ1426', 'MATH2151 '),
	('TQ1426', 'MATH2201 '),
	('TQ1426', 'MATH2251 '),
	('TQ1426', 'PHYS2271  '),
	('TQ1426', 'PHYS2302 '),
	('TQ1426', 'PHYS2352 '),
	('TQ1426', 'PHYS2402L '),
	('TQ1426', 'MATH2302 '),
	('TQ1426', 'MATH2352 '),
	('TQ1426', 'CHEM1161 '),
	('RP1427', 'MATH 1151 '),
	('RP1427', 'MATH 1201 '),
	('RP1427', 'ENGL1014 '),
	('RP1427', 'SPAN1025 '),
	('RP1427', 'HIS1014 '),
	('RP1427', 'MGMT1014'),
	('RP1427', 'MATH1252 '),
	('RP1427', 'MATH1302 '),
	('RP1427', 'MATH1212 '),
	('RP1427', 'PSYC1014 '),
	('RP1427', 'ENGL1025 '),
	('RP1427', 'PHIL1014 '),
	('RP1427', 'MATH2201 '),
	('RP1427', 'MATH2251 '),
	('RP1427', 'MATH2151 '),
	('RP1427', 'CMPS1124 '),
	('RP1427', 'ENGL1035 '),
	('RP1427', 'SPAN1025'),
	('RP1427', 'MATH2352 '),
	('RP1427', 'MATH2302 '),
	('RP1427', 'MATH2402 '),
	('RP1427', 'CMPS2122 '),
	('RP1427', 'STAT2151'),
	('RP1427', 'RSCH2014 '),
	('SQ1426', 'ELEC 1401 '),
	('SQ1426', 'ELEC 1101L '),
	('SQ1426', 'MECH 1101L '),
	('SQ1426', 'MECH 1301 '),
	('SQ1426', 'MECH 1401 '),
	('SQ1426', 'MECH 1451 '),
	('SQ1426', 'MATH 1014 '),
	('SQ1426', 'PHYS 1041 '),
	('SQ1426', 'ACAD 1102L '),
	('SQ1426', 'ELEC 1152L '),
	('SQ1426', 'ELEC 1452 '),
	('SQ1426', 'MECH 1152L '),
	('SQ1426', 'MECH 1352 '),
	('SQ1426', 'MECH 1502 '),
	('SQ1426', 'ENGL 1025 '),
	('SQ1426', 'MATH 1151 '),
	('SQ1426', 'CHEM 1042 '),
	('SQ1426', 'MECH 2993 '),
	('SQ1426', 'ACAD 2101L '),
	('SQ1426', 'ELEC 2101L '),
	('SQ1426', 'ELEC 2201 '),
	('SQ1426', 'ELEC 2301 '),
	('SQ1426', 'ELEC 2401 '),
	('SQ1426', 'MECH 2101L '),
	('SQ1426', 'MECH 2201 '),
	('SQ1426', 'MECH 2301 '),
	('SQ1426', 'MECH 2451 '),
	('SQ1426', 'MATH 1201 '),
	('SQ1426', 'ELEC2152L'),
	('SQ1426', 'ELEC 2252 '),
	('SQ1426', 'ELEC 2352 '),
	('SQ1426', 'ELEC 2452 '),
	('SQ1426', 'MECH 2252 '),
	('SQ1426', 'MECH 2352 '),
	('SQ1426', 'MECH 2502 '),
	('SQ1426', 'MECH 2152L '),
	('SQ1426', 'MATH 1302 '),
	('RP1428', 'BIOL 1015 '),
	('RP1428', 'BIOL 1015L '),
	('RP1428', 'CHEM1015 '),
	('RP1428', 'CHEM1015L '),
	('RP1428', 'NRMP 1151'),
	('RP1428', 'BIOL 1025 '),
	('RP1428', 'BIOL 1025L '),
	('RP1428', 'CHEM1025 '),
	('RP1428', 'CHEM1025L '),
	('RP1428', 'NRMP 2201 '),
	('RP1428', 'NRMP 2251 '),
	('RP1428', 'NRMP 2301 '),
	('RP1428', 'NRMP 2351 '),
	('RP1428', 'PSYC 2014 '),
	('RP1428', 'NRMP 2402 '),
	('RP1428', 'NRMP 2452 '),
	('RP1428', 'NRMP 2502'),
	('RP1428', 'NRMP 2552'),
	('RP1428', 'SOCL 2014'),
	('SQ1428', 'ACTG 1014 '),
	('SQ1428', 'CMPS1014 '),
	('SQ1428', 'ENGL1014 '),
	('SQ1428', 'TOUR 1014 '),
	('SQ1428', 'HIST1014 '),
	('SQ1428', 'MGMT1014 '),
	('SQ1428', 'ECON 1014 '),
	('SQ1428', 'TOUR 1052 '),
	('SQ1428', 'ENGL1025 '),
	('SQ1428', 'SPAN1025 '),
	('SQ1428', 'MATH 1014 '),
	('SQ1428', 'NRMP1014 '),
	('SQ1428', 'TOUR 2995 '),
	('SQ1428', 'TOUR 2011 '),
	('SQ1428', 'TOUR 2051 '),
	('SQ1428', 'SPAN '),
	('SQ1428', 'TOUR 2101 '),
	('SQ1428', 'MKTG2015 '),
	('SQ1428', 'MGMT 2011 '),
	('SQ1428', 'ENGL 1035 '),
	('SQ1428', 'TOUR 2152 '),
	('SQ1428', 'TOUR 2202 '),
	('SQ1428', 'RSCH2014 '),
	('SQ1428', 'TOUR 2252 '),
	('SQ1428', 'MKTG 2052 '),
	('TQ1429', 'ACTG 3051 '),
	('TQ1429', 'ACTG 3151 '),
	('TQ1429', 'MGMT 3015 '),
	('TQ1429', 'TAXA 3011 '),
	('TQ1429', 'MATH 4052 '),
	('TQ1429', 'ENGL 3055 '),
	('TQ1429', 'ACTG 3102 '),
	('TQ1429', 'ACTG 3202 '),
	('TQ1429', 'CMPS 3012 '),
	('TQ1429', 'FNAN 3015 '),
	('TQ1429', 'MATH 3032 '),
	('TQ1429', 'TAXA 3052 '),
	('TQ1429', 'ACTG 4011 '),
	('TQ1429', 'ACTG 4101 '),
	('TQ1429', 'ACTG 4151 '),
	('TQ1429', 'MGMT 4015 '),
	('TQ1429', 'RSCH 4015 '),
	('TQ1429', 'ECON 4015 '),
	('TQ1429', 'ACTG 4052 '),
	('TQ1429', 'ACTG 4202 '),
	('TQ1429', 'BUSS 4015 '),
	('TQ1429', 'MGMT 4995 '),
	('RP1430', 'CNFU1000'),
	('RP1430', 'WMAP1020'),
	('RP1430', 'AHFS1030'),
	('RP1430', 'PJMA1040'),
	('RP1430', 'BAEP1050'),
	('RP1430', 'WMAPP1060'),
	('RP1430', 'PHPM1070'),
	('RP1430', 'HAED1080'),
	('RP1430', 'AAGM1090'),
	('RP1430', 'SNPJ1011'),
	('RP1430', 'CCPR1012'),
	('RP1430', 'CSAD1013'),
	('RP1430', 'FPDS1014'),
	('RP1430', 'ESPC1015'),
	('SQ1429', 'ACTG3015 '),
	('SQ1429', 'MGMT3155 '),
	('SQ1429', 'MATH3032 '),
	('SQ1429', 'MGMT3105 '),
	('SQ1429', 'CMPS3012 '),
	('SQ1429', 'MATH3025 '),
	('SQ1429', 'RSCH4015 '),
	('SQ1429', 'MGMT4015 '),
	('SQ1429', 'ECON4015 '),
	('SQ1429', 'FNAN3035 '),
	('SQ1429', 'MGMT4105 '),
	('SQ1429', 'MGMT3015 '),
	('SQ1429', 'FNAN4155'),
	('SQ1429', 'MGMT4150 '),
	('SQ1429', 'FNAN4360 '),
	('SQ1429', 'FNAN4030 '),
	('SQ1429', 'FNAN4035 '),
	('SQ1429', 'FNAN4115 '),
	('SQ1429', 'MGMT4023 '),
	('SQ1429', 'MGMT4155 '),
	('SQ1429', 'FNAN4205 '),
	('TQ1430', 'BIOL3151 '),
	('TQ1430', 'EDUC3451 '),
	('TQ1430', 'EDUC3141 '),
	('TQ1430', 'EDUC3101 '),
	('TQ1430', 'BIOL3302 '),
	('TQ1430', 'SPED3111 '),
	('TQ1430', 'EDUC3252 '),
	('TQ1430', 'EDUC3552 '),
	('TQ1430', 'BIOL3362 '),
	('TQ1430', 'BIOL4151 '),
	('TQ1430', 'BIOL3402 '),
	('TQ1430', 'EDUC3453 '),
	('TQ1430', 'EDUC3553 '),
	('TQ1430', 'EDUC4153 '),
	('TQ1430', 'EDUC4256 '),
	('TQ1430', 'EDUC4301 '),
	('TQ1430', 'EDUC4855 '),
	('TQ1430', 'EDUC3454 '),
	('TQ1430', 'EDUC4201 '),
	('TQ1430', 'ESCI4051 '),
	('TQ1430', 'BIOL4352 '),
	('RP1431', 'BIOL3151 '),
	('RP1431', 'BIOL3151L'),
	('RP1431', 'BIOL3402 '),
	('RP1431', 'BIOL3402L '),
	('RP1431', 'BIOL3302 '),
	('RP1431', 'BIOL3302L '),
	('RP1431', 'MATH3012 '),
	('RP1431', 'NRMP3401 '),
	('RP1431', 'BIOL4151'),
	('RP1431', 'BIOL4151L'),
	('RP1431', 'BIOL3352 '),
	('RP1431', 'BIOL 3352L '),
	('RP1431', 'BIOL3362 '),
	('RP1431', 'BIOL3362L'),
	('RP1431', 'BIOL4301 '),
	('RP1431', 'BIOL3452 '),
	('RP1431', 'BIOL4451 '),
	('RP1431', 'BIOL4451L '),
	('RP1431', 'BIOL4601 '),
	('RP1431', 'BIOL4501 '),
	('RP1431', 'BIOL4501L '),
	('RP1431', 'BIOL4352 '),
	('RP1431', 'BIOL4551L '),
	('RP1431', 'SCIE3551 '),
	('RP1431', 'BIOL4602'),
	('RP1431', 'BIOL4602L'),
	('RP1431', 'BIOL4402 '),
	('RP1431', 'BIOL4402L'),
	('RP1431', 'BIOL 4992 '),
	('SQ1430', 'ACTG3015 '),
	('SQ1430', 'MGMT3015 '),
	('SQ1430', 'MATH3032 '),
	('SQ1430', 'FNAN3015 '),
	('SQ1430', 'CMPS3012 '),
	('SQ1430', 'MATH3025 '),
	('SQ1430', 'RSCH4015 '),
	('SQ1430', 'MGMT40'),
	('SQ1430', 'ECON4015 '),
	('SQ1430', 'MGMT3105 '),
	('SQ1430', 'MGMT4105 '),
	('SQ1430', 'MGMT3155 '),
	('SQ1430', 'MGMT4150 '),
	('SQ1430', 'MGMT4360 '),
	('SQ1430', 'MGMT4330 '),
	('SQ1430', 'MGMT4015 '),
	('SQ1430', 'MKTG4015 '),
	('SQ1430', 'MGMT4051 '),
	('SQ1430', 'MGMT4155 '),
	('SQ1430', 'MGMT4023 '),
	('SQ1430', 'MGMT4205'),
	('TQ1431', 'ACTG3015 '),
	('TQ1431', 'MGMT3015 '),
	('TQ1431', 'MATH3032 '),
	('TQ1431', 'FNAN3015 '),
	('TQ1431', 'CMPS3012 '),
	('TQ1431', 'MATH3025 '),
	('TQ1431', 'RSCH4015 '),
	('TQ1431', 'MGMT40'),
	('TQ1431', 'ECON4015 '),
	('TQ1431', 'MGMT3105 '),
	('TQ1431', 'MGMT4105 '),
	('TQ1431', 'MGMT3155 '),
	('TQ1431', 'MGMT4150 '),
	('TQ1431', 'MGMT4360 '),
	('TQ1431', 'MGMT4330 '),
	('TQ1431', 'MGMT4015 '),
	('TQ1431', 'MKTG4015 '),
	('TQ1431', 'MGMT4051 '),
	('TQ1431', 'MGMT4155 '),
	('TQ1431', 'MGMT4023 '),
	('TQ1431', 'MGMT4205'),
	('RP1432', 'ACTG 3051 '),
	('RP1432', 'ACTG 3151 '),
	('RP1432', 'EDUC3141'),
	('RP1432', 'EDUC3101 '),
	('RP1432', 'MATH4011 '),
	('RP1432', 'TAXA3011 '),
	('RP1432', 'ACTG 3102 '),
	('RP1432', 'ACTG 3202 '),
	('RP1432', 'EDUC3302 '),
	('RP1432', 'FNAN3015 '),
	('RP1432', 'MATH3032 '),
	('RP1432', 'TAXA 3052 '),
	('RP1432', 'EDUC3453 '),
	('RP1432', 'EDUC3553 '),
	('RP1432', 'EDUC4153 '),
	('RP1432', 'EDUC4256 '),
	('RP1432', 'ACTG 4011 '),
	('RP1432', 'ACTG 4101 '),
	('RP1432', 'ACTG 4151 '),
	('RP1432', 'EDUC4201 '),
	('RP1432', 'EDUC3451 '),
	('RP1432', 'EDUC3905 '),
	('RP1432', 'ACTG 4052 '),
	('RP1432', 'BUSS 4015 '),
	('RP1432', 'EDUC3454 '),
	('RP1432', 'EDUC3252'),
	('RP1432', 'EDUC3552 '),
	('RP1432', 'EDUC4855 '),
	('RP1432', 'DUC4995 '),
	('SQ1431', 'CMPS3051 '),
	('SQ1431', 'EDUC3451 '),
	('SQ1431', 'EDUC3141'),
	('SQ1431', 'EDUC3101 '),
	('SQ1431', 'ENGL3155 '),
	('SQ1431', 'SPED3111 '),
	('SQ1431', 'EDUC3252'),
	('SQ1431', 'EDUC3552 '),
	('SQ1431', 'EDUC3302 '),
	('SQ1431', 'EDUC3905 '),
	('SQ1431', 'CMPS3232 '),
	('SQ1431', 'MGMT3105 '),
	('SQ1431', 'EDUC3453 '),
	('SQ1431', 'EDUC3553 '),
	('SQ1431', 'EDUC4153 '),
	('SQ1431', 'EDUC4256 '),
	('SQ1431', 'EDUC4301 '),
	('SQ1431', 'CMPS4111 '),
	('SQ1431', 'CMPS4151 '),
	('SQ1431', 'EDUC4201 '),
	('SQ1431', 'EDUC4855 '),
	('SQ1431', 'EDUC3454 '),
	('SQ1431', 'EDUC4995 '),
	('TQ1432', 'MGMT3015 '),
	('TQ1432', 'EDUC3451 '),
	('TQ1432', 'EDUC3141'),
	('TQ1432', 'EDUC3101 '),
	('TQ1432', 'MATH302 '),
	('TQ1432', 'SPED3111 '),
	('TQ1432', 'EDUC3252'),
	('TQ1432', 'EDUC3552 '),
	('TQ1432', 'EDUC3302 '),
	('TQ1432', 'FNAN3015 '),
	('TQ1432', 'MATH3032 '),
	('TQ1432', 'MGMT3105 '),
	('TQ1432', 'EDUC3453 '),
	('TQ1432', 'EDUC3553 '),
	('TQ1432', 'EDUC4153 '),
	('TQ1432', 'EDUC4256 '),
	('TQ1432', 'EDUC4301 '),
	('TQ1432', 'CMPS3012 '),
	('TQ1432', 'MGMT3155 '),
	('TQ1432', 'EDUC4201 '),
	('TQ1432', 'MGMT4051 '),
	('TQ1432', 'EDUC3905 '),
	('TQ1432', 'MGMT3055 '),
	('TQ1432', 'MGMT4195 '),
	('TQ1432', 'MGMT4015 '),
	('TQ1432', 'MGMT4105 '),
	('TQ1432', 'EDUC3454 '),
	('TQ1432', 'EDUC4855 '),
	('TQ1432', 'EDUC4995 '),
	('RP1433', 'CHEM1201 '),
	('RP1433', 'CHEM1201L '),
	('RP1433', 'BIOL1151 '),
	('RP1433', 'BIOL1151L '),
	('RP1433', 'ENGL1014 '),
	('RP1433', 'MATH1151 '),
	('RP1433', 'MATH1201 '),
	('RP1433', 'CHEM1212 '),
	('RP1433', 'CHEM1212L '),
	('RP1433', 'CHEM1032 '),
	('RP1433', 'CHEM1032L '),
	('RP1433', 'ENGL1025 '),
	('RP1433', 'MATH1392 '),
	('RP1433', 'CHEM2151 '),
	('RP1433', 'CHEM2151L '),
	('RP1433', 'CHEM1252 '),
	('RP1433', 'CHEM1252L '),
	('RP1433', 'PHYS 1015 '),
	('RP1433', 'PHYS 1015L '),
	('RP1433', 'CHEM2201 '),
	('RP1433', 'CHEM2201L '),
	('RP1433', 'PHYS1025 '),
	('RP1433', 'PHYS1025L '),
	('RP1433', 'BIOL3251 '),
	('RP1433', 'BIOL3251L '),
	('RP1433', 'CHEM3201 '),
	('RP1433', 'CHEM3201L '),
	('RP1433', 'CHEM3401 '),
	('RP1433', 'MATH2201 '),
	('RP1433', 'CHEM3451 '),
	('RP1433', 'MATH2011 '),
	('RP1433', 'CHEM3202 '),
	('RP1433', 'CHEM3252 '),
	('RP1433', 'CHEM3352 '),
	('RP1433', 'CHEM3402 '),
	('RP1433', 'CHEM3452L '),
	('RP1433', 'CHEM3502 '),
	('RP1433', 'MATH 3012 '),
	('RP1433', 'CHEM4201 '),
	('RP1433', 'CHEM4251 '),
	('RP1433', 'CHEM4301 '),
	('RP1433', 'CHEM4351 '),
	('RP1433', 'CHEM4401L'),
	('RP1433', 'SCIE4551 '),
	('RP1433', 'CHEM4452 '),
	('RP1433', 'CHEM4492 '),
	('RP1433', 'CHEM4502 '),
	('SQ1432', 'EDUC3141 '),
	('SQ1432', 'EDUC3101 '),
	('SQ1432', 'LITR3101 '),
	('SQ1432', 'LING3101 '),
	('SQ1432', 'LITR3201 '),
	('SQ1432', 'EDUC3451 '),
	('SQ1432', 'LITR3252 '),
	('SQ1432', 'EDUC3552 '),
	('SQ1432', 'EDUC3252 '),
	('SQ1432', 'EDUC3302 '),
	('SQ1432', 'EDUC3905 '),
	('SQ1432', 'LITR3302 '),
	('SQ1432', 'EDUC3453 '),
	('SQ1432', 'EDUC4153 '),
	('SQ1432', 'EDUC3553 '),
	('SQ1432', 'EDUC4256 '),
	('SQ1432', 'LITR4101 '),
	('SQ1432', 'EDUC4151 '),
	('SQ1432', 'LITR4151 '),
	('SQ1432', 'LITR4301 '),
	('SQ1432', 'EDUC4201 '),
	('SQ1432', 'EDUC4301 '),
	('SQ1432', 'EDUC4855 '),
	('SQ1432', 'EENG3851 '),
	('SQ1432', 'LITR4402 '),
	('SQ1432', 'LITR4452 '),
	('SQ1432', 'EDUC3454 '),
	('SQ1432', 'EDUC4995 '),
	('TQ1433', 'LITR3151 '),
	('TQ1433', 'LITR3101 '),
	('TQ1433', 'LING3101 '),
	('TQ1433', 'LITR3201 '),
	('TQ1433', 'EDUC3451 '),
	('TQ1433', 'LITR3252 '),
	('TQ1433', 'LITR3352 '),
	('TQ1433', 'LITR3302 '),
	('TQ1433', 'LITR3402 '),
	('TQ1433', 'LITR4101 '),
	('TQ1433', 'LITR4201 '),
	('TQ1433', 'LITR4151 '),
	('TQ1433', 'LITR4351 '),
	('TQ1433', 'LITR4251 '),
	('TQ1433', 'EDUC4301 '),
	('TQ1433', 'LITR4502 '),
	('TQ1433', 'LITR4552 '),
	('TQ1433', 'LITR4402 '),
	('TQ1433', 'LITR4452 '),
	('RP1434', 'ENGL1014 '),
	('RP1434', 'HIST1051 '),
	('RP1434', 'HIST1101 '),
	('RP1434', 'HIS1014 '),
	('RP1434', 'HIST1151 '),
	('RP1434', 'CMPS1014 '),
	('RP1434', 'ENGL1025 '),
	('RP1434', 'HIST1252 '),
	('RP1434', 'HIST1302 '),
	('RP1434', 'HIST1352 '),
	('RP1434', 'MATH1014 '),
	('RP1434', 'PHIL1014 '),
	('RP1434', 'HIST2101 '),
	('RP1434', 'HIST2151 '),
	('RP1434', 'HIST2201 '),
	('RP1434', 'HIST2302 '),
	('RP1434', 'HIST2352 '),
	('RP1434', 'HIST2402 '),
	('RP1434', 'SPAN '),
	('RP1434', 'ECON1014'),
	('RP1434', 'HIST3101 '),
	('RP1434', 'HIST3151 '),
	('RP1434', 'HIST3201 '),
	('RP1434', 'RSCH2014 '),
	('RP1434', 'ENGL1035 '),
	('RP1434', 'HIST3302 '),
	('RP1434', 'HIST3352 '),
	('RP1434', 'HIST3402'),
	('RP1434', 'HIST4101 '),
	('RP1434', 'HIST4154 '),
	('RP1434', 'HIST4201 '),
	('RP1434', 'HIST4304 '),
	('RP1434', 'HIST4352 '),
	('RP1434', 'SPAN '),
	('SQ1433', 'ACTG1014 '),
	('SQ1433', 'CMPS1014 '),
	('SQ1433', 'ENGL1014 '),
	('SQ1433', 'TOUR1014 '),
	('SQ1433', 'HIST1014 '),
	('SQ1433', 'MGMT1014 '),
	('SQ1433', 'ECON1014 '),
	('SQ1433', 'TOUR1052 '),
	('SQ1433', 'ENGL1025 '),
	('SQ1433', 'SPAN1014 '),
	('SQ1433', 'MATH1014 '),
	('SQ1433', 'NRMP1014 '),
	('SQ1433', 'TOUR2011 '),
	('SQ1433', 'TOUR2051 '),
	('SQ1433', 'SPAN1025 '),
	('SQ1433', 'TOUR2101 '),
	('SQ1433', 'MKTG2015 '),
	('SQ1433', 'MGMT2011 '),
	('SQ1433', 'ENGL1035 '),
	('SQ1433', 'TOUR2152 '),
	('SQ1433', 'TOUR2202 '),
	('SQ1433', 'RSCH2014 '),
	('SQ1433', 'TOUR2252 '),
	('SQ1433', 'MKTG2052 '),
	('SQ1433', 'HOSP3011 '),
	('SQ1433', 'MGMT3015 '),
	('SQ1433', 'TOUR3051 '),
	('SQ1433', 'ENGL2105 '),
	('SQ1433', 'HOSP3101 '),
	('SQ1433', 'ENGL3155 '),
	('SQ1433', 'HOSP3302 '),
	('SQ1433', 'MGMT3105 '),
	('SQ1433', 'HOSP3202 '),
	('SQ1433', 'HOSP3152 '),
	('SQ1433', 'TOUR3252 '),
	('SQ1433', 'CMPS3012 '),
	('SQ1433', 'MGMT4015 '),
	('SQ1433', 'TOUR4011 '),
	('SQ1433', 'HOSP4105 '),
	('SQ1433', 'HOSP4051 '),
	('SQ1433', 'RSCH4015 '),
	('SQ1433', 'HOSP4101 '),
	('SQ1433', 'HOSP4152 '),
	('SQ1433', 'MDRN1012 '),
	('SQ1433', 'MGMT4995HO '),
	('SQ1433', 'MGMT4205HO '),
	('TQ1434', 'CMPS1134 '),
	('TQ1434', 'CMPS1131 '),
	('TQ1434', 'MATH1151 '),
	('TQ1434', 'MATH1201 '),
	('TQ1434', 'ENGL1014 '),
	('TQ1434', 'PHIL1014 '),
	('TQ1434', 'CMPS1232 '),
	('TQ1434', 'CMPS1211 '),
	('TQ1434', 'CMPS1171 '),
	('TQ1434', 'MATH1302 '),
	('TQ1434', 'ENGL1025 '),
	('TQ1434', 'SPAN1025 '),
	('TQ1434', 'CMPS2131 '),
	('TQ1434', 'CMPS2111 '),
	('TQ1434', 'CMPS2151 '),
	('TQ1434', 'ENGL1035 '),
	('TQ1434', 'MATH2201 '),
	('TQ1434', 'CMPS1191 '),
	('TQ1434', 'MGMT1014 \n'),
	('TQ1434', 'CMPS2212 '),
	('TQ1434', 'CMPS2232 '),
	('TQ1434', 'CMPS2242 '),
	('TQ1434', 'CMPS2992 '),
	('TQ1434', 'PSYC1014 '),
	('TQ1434', 'HIST1014 '),
	('TQ1434', 'CMPS3111 '),
	('TQ1434', 'CMPS3141 '),
	('TQ1434', 'CMPS3151 '),
	('TQ1434', 'CMPS3171 '),
	('TQ1434', 'MATH3251 '),
	('TQ1434', 'MATH3151 '),
	('TQ1434', 'CMPS3162 '),
	('TQ1434', 'CMPS4131 '),
	('TQ1434', 'CMPS3252 '),
	('TQ1434', 'ENGL3155 '),
	('TQ1434', 'RSCH2014 '),
	('TQ1434', 'SPAN2015 '),
	('TQ1434', 'CMPS4991 '),
	('TQ1434', 'CMPS4992 '),
	('RP1435', 'BIOL1151 '),
	('RP1435', 'BIOL1151L '),
	('RP1435', 'CHEM1015 '),
	('RP1435', 'CHEM1015L '),
	('RP1435', 'ENGL1014 '),
	('RP1435', 'MATH1014 '),
	('RP1435', 'BIOL1332 '),
	('RP1435', 'BIOL1332L '),
	('RP1435', 'CHEM1025 '),
	('RP1435', 'CHEM1025L '),
	('RP1435', 'ENGL1025 '),
	('RP1435', 'BIOL2151 '),
	('RP1435', 'BIOL2351 '),
	('RP1435', 'BIOL2401L '),
	('RP1435', 'MATH2011 '),
	('RP1435', 'MATH1045 '),
	('RP1435', 'BIOL2402 '),
	('RP1435', 'BIOL2352 '),
	('RP1435', 'BIOL2552L '),
	('RP1435', 'MBIO2201 '),
	('RP1435', 'CHEM1032 '),
	('RP1435', 'CHEM1032L '),
	('RP1435', 'MBIO2451 '),
	('RP1435', 'MBIO2303 '),
	('RP1435', 'MBIO3201 '),
	('RP1435', 'MBIO3201L '),
	('RP1435', 'MBIO3251 '),
	('RP1435', 'MBIO3251L '),
	('RP1435', 'SCIE4651 '),
	('RP1435', 'MATH3012 '),
	('RP1435', 'BIOL3362 '),
	('RP1435', 'BIOL3362L '),
	('RP1435', 'MBIO3202 '),
	('RP1435', 'MBIO3202L '),
	('RP1435', 'BIOL3201 '),
	('RP1435', 'SCIE3251 '),
	('RP1435', 'MBIO3303 '),
	('RP1435', 'BIOL4352 '),
	('RP1435', 'BIOL4352L '),
	('RP1435', 'MBIO4201 '),
	('RP1435', 'MBIO4251 '),
	('RP1435', 'BIOL4501 '),
	('RP1435', 'NRMP3401 '),
	('RP1435', 'BIOL4402 '),
	('RP1435', 'BIOL4402L '),
	('RP1435', 'MBIO4492 '),
	('SQ1434', 'SPAN'),
	('SQ1434', 'CMPS1014 '),
	('SQ1434', 'PHIL1014 '),
	('SQ1434', 'MGMT1014 '),
	('SQ1434', 'MATH1201'),
	('SQ1434', 'MATH2201 '),
	('SQ1434', 'EDUC2224 '),
	('SQ1434', 'EDUC3141 '),
	('SQ1434', 'EDUC3101 '),
	('SQ1434', 'EDUC3451 '),
	('SQ1434', 'MATH3151 '),
	('SQ1434', 'MATH3201 '),
	('SQ1434', 'MATH3251'),
	('SQ1434', 'EDUC3552'),
	('SQ1434', 'EDUC3252 '),
	('SQ1434', 'EDUC3302 '),
	('SQ1434', 'MATH3352 '),
	('SQ1434', 'MATH3302'),
	('SQ1434', 'MATH3402 '),
	('SQ1434', 'EDUC3453 '),
	('SQ1434', 'EDUC3553 '),
	('SQ1434', 'EDUC4153 '),
	('SQ1434', 'EDUC4256'),
	('SQ1434', 'EDUC4201'),
	('SQ1434', 'EMAT4851 '),
	('SQ1434', 'MATH4151'),
	('SQ1434', 'MATH4251 '),
	('SQ1434', 'MATH4201'),
	('SQ1434', 'MATH4301'),
	('SQ1434', 'EDUC4855'),
	('SQ1434', 'MATH4352'),
	('SQ1434', 'MATH4402 '),
	('SQ1434', 'MATH4502 '),
	('SQ1434', 'EDUC3905 '),
	('SQ1434', 'EDUC3435 '),
	('SQ1434', 'EDUC4995 '),
	('TQ1435', 'ENGL3155 '),
	('TQ1435', 'MATH3151 '),
	('TQ1435', 'MATH3201 '),
	('TQ1435', 'MATH3251 '),
	('TQ1435', 'MATH3302 '),
	('TQ1435', 'MATH4201 '),
	('TQ1435', 'MATH3402 '),
	('TQ1435', 'MATH3362 '),
	('TQ1435', 'MATH3742 '),
	('TQ1435', 'MATH4151 '),
	('TQ1435', 'MATH4401'),
	('TQ1435', 'MATH4251 '),
	('TQ1435', 'MATH4301 '),
	('TQ1435', 'MATH4352 '),
	('TQ1435', 'MATH4402 '),
	('TQ1435', 'MATH4452 '),
	('TQ1435', 'MATH4502 '),
	('RP1436', 'ACTG3015 '),
	('RP1436', 'MGMT3155 '),
	('RP1436', 'MATH3032 '),
	('RP1436', 'MGMT3105 '),
	('RP1436', 'MPS3012 '),
	('RP1436', 'MATH3025 '),
	('RP1436', 'RSCH4015 '),
	('RP1436', 'MGMT4015 '),
	('RP1436', 'ECON4015 '),
	('RP1436', 'FNAN3035 '),
	('RP1436', 'MGMT4105 '),
	('RP1436', 'MGMT3015 '),
	('RP1436', 'MKT4115'),
	('RP1436', 'MKTG4015 '),
	('RP1436', 'MKTG4035 '),
	('RP1436', 'MKTG4030 '),
	('RP1436', 'MKTG4025 '),
	('RP1436', 'MKTG4125 '),
	('RP1436', 'MGM4155'),
	('RP1436', 'MGMT4023 '),
	('TQ1436', 'ENGL1014 '),
	('TQ1436', 'CHEM1015 '),
	('TQ1436', 'CHEM1015L '),
	('TQ1436', 'BIOL1015 '),
	('TQ1436', 'BIOL1015L '),
	('TQ1436', 'MATH1014 '),
	('TQ1436', 'SPAN1015 '),
	('TQ1436', 'CMPS1014 '),
	('TQ1436', 'CHEM1025 '),
	('TQ1436', 'CHEM1025 '),
	('TQ1436', 'BIOL1025 '),
	('TQ1436', 'BIOL1025L '),
	('TQ1436', 'BIOL1102 '),
	('TQ1436', 'ENGL1025 '),
	('TQ1436', 'HIST1014 '),
	('TQ1436', 'MGMT1014 '),
	('TQ1436', 'SPAN1025 '),
	('TQ1436', 'ALHL2012 '),
	('TQ1436', 'ALHL2905 '),
	('TQ1436', 'CHEM1032 '),
	('TQ1436', 'BIOL3402 '),
	('TQ1436', 'BIOL3402L '),
	('TQ1436', 'RSCH2014 '),
	('TQ1436', 'ENGL1035 '),
	('TQ1436', 'ALHL3012 '),
	('TQ1436', 'ALHL2021 '),
	('TQ1436', 'BIOL1201 '),
	('TQ1436', 'BIOL1201L '),
	('TQ1436', 'ALHL3904 '),
	('TQ1436', 'SPAN2015 '),
	('TQ1436', 'BMLS2052 '),
	('TQ1436', 'BMLS2052L '),
	('TQ1436', 'PHIL1014 '),
	('TQ1436', 'BMLS3051 '),
	('TQ1436', 'BMLS3051L '),
	('TQ1436', 'BMLS3101 '),
	('TQ1436', 'BMLS3101L'),
	('TQ1436', 'BMLS3151 '),
	('TQ1436', 'BMLS3151L '),
	('TQ1436', 'BMLS3201 '),
	('TQ1436', 'BMLS3202L'),
	('TQ1436', 'BMLS3251 '),
	('TQ1436', 'BMLS3251L'),
	('TQ1436', 'BMLS3302 '),
	('TQ1436', 'BMLS3302L '),
	('TQ1436', 'BMLS3352 '),
	('TQ1436', 'BMLS3352L '),
	('TQ1436', 'BMLS3402 '),
	('TQ1436', 'BMLS3402L '),
	('TQ1436', 'BMLS3452 '),
	('TQ1436', 'BMLS3452L '),
	('TQ1436', 'BMLS3502 '),
	('TQ1436', 'BMLS3993 '),
	('TQ1436', 'BMLS3553 '),
	('TQ1436', 'BMLS4051 '),
	('TQ1436', 'BMLS4051L '),
	('TQ1436', 'BMLS4101 '),
	('TQ1436', 'BMLS4101L '),
	('TQ1436', 'BMLS4151 '),
	('TQ1436', 'BMLS4151L '),
	('TQ1436', 'BMLS4201 '),
	('TQ1436', 'BMLS4201L '),
	('TQ1436', 'BMLS4251 '),
	('RP1437', 'NRMP 3151 '),
	('RP1437', 'NRMP 3401 '),
	('RP1437', 'NRMP 3351 '),
	('RP1437', 'MATH2011 '),
	('RP1437', 'ENGL3155 '),
	('RP1437', 'RSCH '),
	('RP1437', 'MATH 3012 '),
	('RP1437', 'NRMP 3302 '),
	('RP1437', 'CHEM 2302 '),
	('RP1437', 'NRMP 3202 '),
	('RP1437', 'NRMP 3252 '),
	('RP1437', 'NRMP 3452 '),
	('RP1437', 'NRMP 4153 '),
	('RP1437', 'NRMP 4993 '),
	('RP1437', 'NRMP 4251 '),
	('RP1437', 'NRMP 4301 '),
	('RP1437', 'NRMP 4301L '),
	('RP1437', 'NRMP 4351 '),
	('RP1437', 'NRMP 4201 '),
	('RP1437', 'NRMP 4502 '),
	('RP1437', 'NRMP 4402 '),
	('RP1437', 'NRMP 4552 '),
	('RP1437', 'NRMP 4452 '),
	('RP1437', 'NRMP 4942 '),
	('SQ1436', 'ENGL1014 '),
	('SQ1436', 'CHEM1015 '),
	('SQ1436', 'CHEM 1015L '),
	('SQ1436', 'BIOL1015 '),
	('SQ1436', 'BIOL1015L '),
	('SQ1436', 'MATH1014 '),
	('SQ1436', 'PHIL1014 '),
	('SQ1436', 'CMPS1004 '),
	('SQ1436', 'ENGL1025'),
	('SQ1436', 'ALHL2012 '),
	('SQ1436', 'CHEM1032 '),
	('SQ1436', 'CHEM1032L '),
	('SQ1436', 'PSYC1014 '),
	('SQ1436', 'SOCL1014 '),
	('SQ1436', 'BIOL3402'),
	('SQ1436', 'BIOL 340L'),
	('SQ1436', 'ALHL 2021 '),
	('SQ1436', 'MGMT1014 '),
	('SQ1436', 'HIST1014 '),
	('SQ1436', 'SPAN 1025 '),
	('SQ1436', 'NURS2051 '),
	('SQ1436', 'NURS2051L '),
	('SQ1436', 'NURS2102 '),
	('SQ1436', 'RSCH1014 '),
	('SQ1436', 'NUTR2055 '),
	('SQ1436', 'NURS2152 '),
	('SQ1436', 'NURS2202 '),
	('SQ1436', 'NURS2202L '),
	('SQ1436', 'NURS3051 '),
	('SQ1436', 'NURS3051L '),
	('SQ1436', 'NURS3101 '),
	('SQ1436', 'NURS3101L '),
	('SQ1436', 'SWRK4101 '),
	('SQ1436', 'NURS3051P '),
	('SQ1436', 'NURS3101P '),
	('SQ1436', 'NURS4051 '),
	('SQ1436', 'NURS4051L '),
	('SQ1436', 'NURS4051P '),
	('SQ1436', 'NURS4101 '),
	('SQ1436', 'NURS4101P '),
	('SQ1436', 'NURS4152 '),
	('SQ1436', 'NURS4152P '),
	('SQ1436', 'NURS4202 '),
	('SQ1436', 'NURS4202P '),
	('RP1438', 'ENGL1014 '),
	('RP1438', 'CHEM1015 '),
	('RP1438', 'CHEM1015L '),
	('RP1438', 'BIOL1015 '),
	('RP1438', 'BIOL1015L '),
	('RP1438', 'MATH1014 '),
	('RP1438', 'PHIL1014 '),
	('RP1438', 'ENGL1025 '),
	('RP1438', 'CHEM1025 '),
	('RP1438', 'CHEM1025L '),
	('RP1438', 'BIOL1025 '),
	('RP1438', 'BIOL1025L '),
	('RP1438', 'SPAN1015 '),
	('RP1438', 'HIST1014 '),
	('RP1438', 'ALHL2012 '),
	('RP1438', 'MATH 1045 '),
	('RP1438', 'CHEM1032 '),
	('RP1438', 'BIOL3402 '),
	('RP1438', 'BIOL3402L '),
	('RP1438', 'PSYC1014'),
	('RP1438', 'ALHL2021 '),
	('RP1438', 'BIOL1201 '),
	('RP1438', 'ALHL1024 '),
	('RP1438', 'SPAN1025 '),
	('RP1438', 'RSCH2014 '),
	('RP1438', 'MGMT1014 '),
	('RP1438', 'BPHA3051 '),
	('RP1438', 'BPHA3101 '),
	('RP1438', 'BPHA3151 '),
	('RP1438', 'ALHL3904 '),
	('RP1438', 'ALHL2905 '),
	('RP1438', 'ENGL2015 '),
	('RP1438', 'BPHA3202 '),
	('RP1438', 'BPHA3252 '),
	('RP1438', 'BPHA3302 '),
	('RP1438', 'BPHA3352 '),
	('RP1438', 'ALHL3012 '),
	('RP1438', 'SPAN2015 '),
	('RP1438', 'BPHA4051 '),
	('RP1438', 'BPHA4101 '),
	('RP1438', 'BPHA4151 '),
	('RP1438', 'BPHA4201 '),
	('RP1438', 'BPHA4251 '),
	('RP1438', 'BPHA4301 '),
	('RP1438', 'BPHA4352 '),
	('RP1438', 'BPHA4402 '),
	('RP1438', 'BPHA4452 '),
	('RP1438', 'BPHA4502 '),
	('RP1438', 'BPHA4552 '),
	('RP1438', 'BPHA4602 '),
	('RP1438', 'BPHA4652'),
	('RP1438', 'BPHA4803 '),
	('RP1438', 'BPHA5991 '),
	('RP1438', 'BPHA5992 '),
	('RP1438', 'BHAP5052'),
	('RP1439', 'SPED3111 '),
	('RP1439', 'ENGL3301 '),
	('RP1439', 'EDUC3451 '),
	('RP1439', 'EDUC3101 '),
	('RP1439', 'EDUC3231 '),
	('RP1439', 'ENGL3105 '),
	('RP1439', 'ENGL3155 '),
	('RP1439', 'EDUC3252 '),
	('RP1439', 'EDUC3302 '),
	('RP1439', 'ENGL3312 '),
	('RP1439', 'EMAT3352 '),
	('RP1439', 'EDUC3454 '),
	('RP1439', 'DUC3103 '),
	('RP1439', 'EDUC4153 '),
	('RP1439', 'EDUC3403 '),
	('RP1439', 'EDUC3453 '),
	('RP1439', 'EDUC4151 '),
	('RP1439', 'EDUC4201 '),
	('RP1439', 'EDUC4256 '),
	('RP1439', 'EDUC4855 '),
	('RP1439', 'SPED4122 '),
	('RP1439', 'EDUC4995 '),
	('SQ1437', 'ENGL 3055 '),
	('SQ1437', 'MGMT 3015 '),
	('SQ1437', 'PSMG 3051 '),
	('SQ1437', 'PSMG 3011 '),
	('SQ1437', 'PSMG 3101 '),
	('SQ1437', 'PSMG 3151 '),
	('SQ1437', 'PSMG 3252 '),
	('SQ1437', 'PSMG 3352 '),
	('SQ1437', 'PSMG 3202 '),
	('SQ1437', 'PSMG 3302 '),
	('SQ1437', 'CMPS 3012 '),
	('SQ1437', 'PSMG 3402 '),
	('SQ1437', 'PSMG 4015 '),
	('SQ1437', 'PSMG 4011 '),
	('SQ1437', 'PSMG 4151'),
	('SQ1437', 'PSMG 4051 '),
	('SQ1437', 'PSMG 4101 '),
	('SQ1437', 'MGMT 4155 '),
	('SQ1437', 'PSMG 4202 '),
	('SQ1437', 'MGMT 4995'),
	('TQ1438', 'ENGL 3055 '),
	('TQ1438', 'MGMT 3015 '),
	('TQ1438', 'PSMG 3051 '),
	('TQ1438', 'PSMG 3011 '),
	('TQ1438', 'PSMG 3101 '),
	('TQ1438', 'PSMG 3151 '),
	('TQ1438', 'PSMG 3252 '),
	('TQ1438', 'PSMG 3352 '),
	('TQ1438', 'PSMG 3202 '),
	('TQ1438', 'PSMG 3302 '),
	('TQ1438', 'CMPS 3012 '),
	('TQ1438', 'PSMG 3402 '),
	('TQ1438', 'PSMG 4015 '),
	('TQ1438', 'PSMG 4011 '),
	('TQ1438', 'PSMG 4151'),
	('TQ1438', 'PSMG 4051 '),
	('TQ1438', 'PSMG 4101 '),
	('TQ1438', 'MGMT 4155 '),
	('TQ1438', 'PSMG 4202 '),
	('TQ1438', 'MGMT 4995'),
	('RP1440', 'ENGL1014 '),
	('RP1440', 'CMPS1014 '),
	('RP1440', 'SOCL1014 '),
	('RP1440', 'MATH1014 '),
	('RP1440', 'PSYC1014 '),
	('RP1440', 'SPAN '),
	('RP1440', 'ENGL1025 '),
	('RP1440', 'HIST1014 '),
	('RP1440', 'PHIL1014 '),
	('RP1440', 'MGMT1014 '),
	('RP1440', 'SPAN '),
	('RP1440', 'SWRK 1101'),
	('RP1440', 'SWRK 2101'),
	('RP1440', 'SWRK 1152'),
	('RP1440', 'ENGL 1035 '),
	('RP1440', 'ALHL2951 '),
	('RP1440', 'SWRK 3101'),
	('RP1440', 'SWRK 2151 '),
	('RP1440', 'SWRK 2202 '),
	('RP1440', 'SWRK 2252'),
	('RP1440', 'Elective'),
	('RP1440', 'SWRK 2304 '),
	('RP1440', 'SWRK 3201 '),
	('RP1440', 'SWRK 2992 '),
	('RP1440', 'RSCH 2014 '),
	('RP1440', 'SWRK 3151 '),
	('RP1440', 'SWRK 3991 '),
	('RP1440', 'SWRK 3251'),
	('RP1440', 'MGMT 3015 '),
	('RP1440', 'SWRK3301 '),
	('RP1440', 'SWRK3351 '),
	('RP1440', 'SWRK3401 '),
	('RP1440', 'SWRK3401L '),
	('RP1440', 'SWRK 4101 '),
	('RP1440', 'SPAN '),
	('RP1440', 'SWRK 3502 '),
	('RP1440', 'SWRK3452 '),
	('RP1440', 'SWRK3452L '),
	('RP1440', 'SWRK 3552 S'),
	('RP1440', 'Elective '),
	('SQ1439', 'MATH1151 '),
	('SQ1439', 'MATH1201 '),
	('SQ1439', 'ENGL1014 '),
	('SQ1439', 'CMPS1124 '),
	('SQ1439', 'ECON1014 '),
	('SQ1439', 'STAT1014 '),
	('SQ1439', 'MATH1302 '),
	('SQ1439', 'CMPS1171 '),
	('SQ1439', 'CMPS2122 '),
	('SQ1439', 'ENGL1025 '),
	('SQ1439', 'MATH2201 '),
	('SQ1439', 'SPAN2015 '),
	('SQ1439', 'MATH2151'),
	('SQ1439', 'MGMT1014 '),
	('SQ1439', 'NRMP1014 '),
	('SQ1439', 'SOCL1014 '),
	('SQ1439', 'MATH2352'),
	('SQ1439', 'STAT2151 '),
	('SQ1439', 'RSCH2014 '),
	('SQ1439', 'ENGL2105 '),
	('SQ1439', 'HIS1014 '),
	('SQ1439', 'PHIL1014 '),
	('SQ1439', 'ENGL 3155 '),
	('SQ1439', 'MATH 3151 '),
	('SQ1439', 'STAT3011 '),
	('SQ1439', 'MATH 3251 '),
	('SQ1439', 'STAT3021 '),
	('SQ1439', 'STAT3071 '),
	('SQ1439', 'MATH 3302 '),
	('SQ1439', 'STAT3042 '),
	('SQ1439', 'NRMP3401 '),
	('SQ1439', 'STAT3052 '),
	('SQ1439', 'STAT3062 '),
	('SQ1439', 'STAT3031 '),
	('SQ1439', 'ATH 4151 '),
	('SQ1439', 'STAT 4121 '),
	('SQ1439', 'STAT 4051 '),
	('SQ1439', 'STAT4101 '),
	('SQ1439', 'STAT4041 '),
	('SQ1439', 'STAT4131 '),
	('SQ1439', 'MATH 4992 '),
	('TQ1440', 'ACTG 1014 '),
	('TQ1440', 'SPAN 2015 '),
	('TQ1440', 'ENGL1014 '),
	('TQ1440', 'TOUR 1014 '),
	('TQ1440', 'MGMT1014 '),
	('TQ1440', 'CMPS1014 '),
	('TQ1440', 'ACTG 1054 '),
	('TQ1440', 'ENGL1025 '),
	('TQ1440', 'SOCL 1014 '),
	('TQ1440', 'MATH 1014 '),
	('TQ1440', 'CMPS 1024 '),
	('TQ1440', 'MGMT 2015 '),
	('TQ1440', 'MATH2025 '),
	('TQ1440', 'BLAW 2014 '),
	('TQ1440', 'ECON 2015 '),
	('TQ1440', 'FNAN 2014 '),
	('TQ1440', 'MKTG 2015 '),
	('TQ1440', 'ENGL 1035 '),
	('TQ1440', 'MGMT 2055 '),
	('TQ1440', 'RSCH 2014 '),
	('TQ1440', 'NRMP 1014 '),
	('TQ1440', 'PSYC 1014 '),
	('TQ1440', 'TOUR 3011 '),
	('TQ1440', 'MGMT 3015 '),
	('TQ1440', 'TOUR 3051 '),
	('TQ1440', 'ENGL2105 '),
	('TQ1440', 'TOUR 3101 '),
	('TQ1440', 'ENGL 3155 '),
	('TQ1440', 'HOSP 3302 '),
	('TQ1440', 'MGMT 3105 '),
	('TQ1440', 'CMPS 3012 '),
	('TQ1440', 'TOUR 3203 '),
	('TQ1440', 'TOUR 3302 '),
	('TQ1440', 'TOUR 3252 '),
	('TQ1440', 'TOUR 4011 '),
	('TQ1440', 'TOUR4052 '),
	('TQ1440', 'TOUR 4102 '),
	('TQ1440', 'MGMT 4015 '),
	('TQ1440', 'RSCH 4015 '),
	('TQ1440', 'MGMT 4105 '),
	('TQ1440', 'HOSP 4152 '),
	('TQ1440', 'MGMT 4155 '),
	('TQ1440', 'MGMT 4995 '),
	('TQ1440', 'MGMT 4205 '),
	('RP1441', 'AGSC1201'),
	('RP1441', 'PRCE1202'),
	('RP1441', 'NUMF1203'),
	('RP1441', 'AAGR 2211 '),
	('RP1441', 'ISDR1205'),
	('RP1441', 'FSFS1206'),
	('RP1441', 'INCS1207'),
	('RP1441', 'PRCE1208'),
	('RP1441', 'AGCI1209'),
	('RP1441', 'PHPT1210'),
	('RP1441', 'ANPD1211'),
	('RP1441', 'ABMG1210'),
	('SQ1440', 'EMAT1101 '),
	('SQ1440', 'LING1152 '),
	('SQ1440', 'ECED 1051 '),
	('SQ1440', 'ECED 1101 '),
	('SQ1440', 'ECED 2202 '),
	('SQ1440', 'ECED 2302 '),
	('SQ1440', 'ESCI1101 '),
	('SQ1440', 'ECED 3552 '),
	('SQ1440', 'ECED 1151 '),
	('SQ1440', 'ECED 3602 '),
	('SQ1440', 'ECED 2152 '),
	('SQ1440', 'ECED 2252 '),
	('SQ1440', 'ECED 3401 '),
	('SQ1440', 'ECED 3451 '),
	('SQ1440', 'ECED 3351 '),
	('SQ1440', 'ECED 3653 '),
	('TQ1441', 'CMPS1124'),
	('TQ1441', 'NRMP3401 '),
	('TQ1441', 'CGIS3601 '),
	('TQ1441', 'CGIS3451 '),
	('TQ1441', 'CGIS 3501 '),
	('TQ1441', 'CGIS 3652 '),
	('TQ1441', 'CGIS 3702 '),
	('TQ1441', 'CGIS 3552 '),
	('TQ1441', 'CGIS 3992 '),
	('RP1442', 'MIDW 3101 '),
	('RP1442', 'MIDW3151'),
	('RP1442', 'MIDW3151L'),
	('RP1442', 'MIDW3201'),
	('RP1442', 'MIDW3201L'),
	('RP1442', 'MIDW3251'),
	('RP1442', 'MIDW3251L'),
	('RP1442', 'MIDW3302 '),
	('RP1442', 'MIDW3302L '),
	('RP1442', 'MIDW3352 '),
	('RP1442', 'MIDW3992 '),
	('RP1442', 'MIDW3451'),
	('RP1442', 'MIDW3451L'),
	('RP1442', 'MIDW3501'),
	('RP1442', 'MIDW3501L'),
	('RP1442', 'MIDW3993'),
	('SQ1441', 'EDUC1051 '),
	('SQ1441', 'EDUC1252 '),
	('SQ1441', 'EDUC1402 '),
	('SQ1441', 'LING1152 '),
	('SQ1441', 'EDUC2151 '),
	('SQ1441', 'ESOC2152 '),
	('SQ1441', 'EENG2151'),
	('SQ1441', 'EMAT1152 '),
	('SQ1441', 'EMAT2151'),
	('SQ1441', 'ESCI1151 '),
	('SQ1441', 'ESCI2152'),
	('SQ1441', 'EENG2202'),
	('SQ1441', 'EDUC2995 '),
	('RP1443', 'PRAN 1101 '),
	('RP1443', 'PRAN 1151 '),
	('RP1443', 'PRAN 1201 '),
	('RP1443', 'PRAN 1251 '),
	('RP1443', 'PRAN 1251L '),
	('RP1443', 'PRAN 1301 '),
	('RP1443', 'PRAN 1352 '),
	('RP1443', 'PRAN 1402 '),
	('RP1443', 'PRAN 1402L '),
	('RP1443', 'PRAN 1452 '),
	('RP1443', 'PRAN 1502 '),
	('RP1443', 'PRAN 1502L '),
	('RP1443', 'PRAN 1552 '),
	('RP1443', 'PRAN 1552 L '),
	('RP1443', 'PRAN 1603 '),
	('RP1443', 'PRAN 1991P '),
	('SQ1442', 'EDUC3451 '),
	('SQ1442', 'EDUC2224 '),
	('SQ1442', 'EDUC3101 '),
	('SQ1442', 'RSCH2014 '),
	('SQ1442', 'EDUC3451 '),
	('SQ1442', 'EDUC2224 '),
	('SQ1442', 'EDUC3101 '),
	('SQ1442', 'RSCH2014 '),
	('SQ1442', 'EDUC3403 '),
	('SQ1442', 'EDUC3453 '),
	('SQ1442', 'EDUC3252 '),
	('SQ1442', 'EDUC3552 '),
	('SQ1442', 'EDUC3403 '),
	('SQ1442', 'EDUC3453 '),
	('SQ1442', 'EDUC3252 '),
	('SQ1442', 'EDUC3552 '),
	('SQ1442', 'EDUC3403 '),
	('SQ1442', 'EDUC3453 '),
	('SQ1442', 'EDUC3252 '),
	('SQ1442', 'EDUC3552 '),
	('TQ1443', 'MGMT5000'),
	('TQ1443', 'MGMT5001'),
	('TQ1443', 'RSCH5000'),
	('TQ1443', 'MATH5101'),
	('TQ1443', 'ACTG51015'),
	('TQ1443', 'MGMT5101'),
	('TQ1443', 'ECON5152'),
	('TQ1443', 'MGMT5152'),
	('TQ1443', 'BLAW5102'),
	('TQ1443', 'CMPS5103'),
	('TQ1443', 'MGMT5153'),
	('TQ1443', 'FNA5103'),
	('TQ1443', 'MKTG6101'),
	('TQ1443', 'MGMT6101'),
	('TQ1443', 'MGMT6151'),
	('TQ1443', 'MGMT6201'),
	('TQ1443', 'MGMT6995'),
	('RP1444', 'MEDI 3001/L '),
	('RP1444', 'MEDI 3051/L '),
	('RP1444', 'MEDI 3101 '),
	('RP1444', 'MEDI 3151 '),
	('RP1444', 'MEDI 3201'),
	('RP1444', 'MEDI 3252/L '),
	('RP1444', 'MEDI 3302 '),
	('RP1444', 'MEDI 3352/L '),
	('RP1444', 'MEDI 3402 '),
	('RP1444', 'ALHL 3002 '),
	('RP1444', 'ALHL 3052 '),
	('RP1444', 'MEDI 4051/L '),
	('RP1444', 'MEDI 4101 '),
	('RP1444', 'MEDI 4151 '),
	('RP1444', 'ALHL 4101 '),
	('RP1444', 'MEDI 4201 '),
	('RP1444', 'MEDI 4302/L'),
	('RP1444', 'MEDI 4352'),
	('RP1444', 'MEDI 4402'),
	('RP1444', 'MEDI 4452'),
	('RP1444', 'MEDI 4502/L'),
	('RP1444', 'MEDI 5051'),
	('RP1444', 'MEDI 5101'),
	('RP1444', 'MEDI 5151'),
	('RP1444', 'MEDI 5201'),
	('RP1444', 'MEDI 5251/L'),
	('RP1444', 'ALHL 5301'),
	('RP1444', 'ALHL 5351'),
	('RP1444', 'MEDI 5992'),
	('RP1444', 'MEDI 5994 '),
	('RP1444', 'MEDI 6991 '),
	('RP1444', 'MEDI 6994'),
	('RP1444', 'MEDI 7102 '),
	('RP1444', 'MEDI 7152 '),
	('RP1444', 'MEDI 7202 '),
	('RP1444', 'MEDI 7252 '),
	('RP1444', 'MEDI 7302 '),
	('RP1444', 'MEDI 7855'),
	('SQ1443', 'EDLD 5013 '),
	('SQ1443', 'EDLD 5021 '),
	('SQ1443', 'EDLD 5022'),
	('SQ1443', 'EDLD 5031 '),
	('SQ1443', 'EDLD 5032 '),
	('SQ1443', 'EDLD 5041'),
	('SQ1443', 'EDLD 5051 '),
	('SQ1443', 'EDLD 5052'),
	('SQ1443', 'EDLD 5061 '),
	('SQ1400', 'ENGL1014 '),
	('SQ1400', 'CMPS1014 '),
	('SQ1400', 'ENGL1025 '),
	('SQ1400', 'MATH1014 '),
	('SQ1400', 'AAGR 1172 '),
	('SQ1400', 'AAGR 1183 '),
	('SQ1400', 'AAGR 1193 '),
	('SQ1400', 'ECON 1014 '),
	('SQ1400', 'AAGR 2211 '),
	('SQ1400', 'AAGR 2271 '),
	('SQ1400', 'SPAN 1025 '),
	('SQ1400', 'AAGR 2221 '),
	('SQ1400', 'AAGR 2261 '),
	('SQ1400', 'AAGR 2241 '),
	('SQ1400', 'AAGR 2252 '),
	('SQ1400', 'AAGR 2292 '),
	('SQ1400', 'AAGR 2342 '),
	('SQ1400', 'AAGR 2282 '),
	('TQ1401', 'ARCH1401 '),
	('TQ1401', 'ARCH1301 '),
	('TQ1401', 'ENGL1014 '),
	('TQ1401', 'MATH1014 '),
	('TQ1401', 'CIVL1101 '),
	('TQ1401', 'BLDG1101 '),
	('TQ1401', 'ARCH1201 '),
	('TQ1401', 'PHYS1014 '),
	('TQ1401', 'ARCH1452 '),
	('TQ1401', 'ARCH1352 '),
	('TQ1401', 'MATH1151 '),
	('TQ1401', 'ENGL1025 '),
	('TQ1401', 'CIVL1252 '),
	('TQ1401', 'CIVL1202 '),
	('TQ1401', 'CIVL1152 '),
	('TQ1401', 'ARCH2993 '),
	('TQ1401', 'ACAD1102L '),
	('TQ1401', 'CIVL2451 '),
	('TQ1401', 'MATH1201 '),
	('TQ1401', 'PSYC1014 '),
	('TQ1401', 'ARCH2401 '),
	('TQ1401', 'CIVL2101 '),
	('TQ1401', 'BLDG2301 '),
	('TQ1401', 'ACAD2101L '),
	('TQ1401', 'CIVL2502 '),
	('TQ1401', 'MATH1302 '),
	('TQ1401', 'ARCH2452 '),
	('TQ1401', 'ARCH2552 '),
	('TQ1401', 'CIVL2152 '),
	('TQ1401', 'BLDG2352 '),
	('TQ1401', 'ACAD2202L '),
	('RP1402', 'CHEM1201 '),
	('RP1402', 'CHEM1201L '),
	('RP1402', 'BIOL1151 '),
	('RP1402', 'BIOL1151L '),
	('RP1402', 'ENGL1014 '),
	('RP1402', 'MATH1151 '),
	('RP1402', 'MATH1201 '),
	('RP1402', 'CHEM1212 '),
	('RP1402', 'CHEM1212L '),
	('RP1402', 'CHEM1032 '),
	('RP1402', 'CHEM1032L'),
	('RP1402', 'ENGL1025 '),
	('RP1402', 'BIOL1302 '),
	('RP1402', 'BIOL1302L '),
	('RP1402', 'BIOL1332L '),
	('RP1402', 'BIOL1332L '),
	('RP1402', 'CHEM2161 '),
	('RP1402', 'CHEM2161L '),
	('RP1402', 'CHEM1252 '),
	('RP1402', 'PHYS1015 '),
	('RP1402', 'PHYS1015L '),
	('RP1402', 'BIOL2151 '),
	('RP1402', 'BIOL2351 '),
	('RP1402', 'BIOL2401L '),
	('RP1402', 'CHEM2201 '),
	('RP1402', 'CHEM2201 '),
	('RP1402', 'BIOL2352 '),
	('RP1402', 'BIOL2402 '),
	('RP1402', 'BIOL2552L '),
	('SQ1401', 'BLDG1401 '),
	('SQ1401', 'ENGL1014 '),
	('SQ1401', 'MATH1014 '),
	('SQ1401', 'BLDG1101 '),
	('SQ1401', 'CIVL1101 '),
	('SQ1401', 'BLDG1151 '),
	('SQ1401', 'BLDG1201 '),
	('SQ1401', 'PHYS1041 '),
	('SQ1401', 'BLDG1452 '),
	('SQ1401', 'MATH1151 '),
	('SQ1401', 'ENGL 1025 '),
	('SQ1401', 'CIVL1202 '),
	('SQ1401', 'CIVL1152 '),
	('SQ1401', 'CIVL1252 '),
	('SQ1401', 'BLDG1202L '),
	('SQ1401', 'BLDG1252 '),
	('SQ1401', 'ACAD1102L '),
	('SQ1401', 'CIVL 2993 '),
	('SQ1401', 'BLDG2401 '),
	('SQ1401', 'CIVL2451 '),
	('SQ1401', 'MATH1201 '),
	('SQ1401', 'CIVL2201 '),
	('SQ1401', 'CIVL2101 '),
	('SQ1401', 'CIVL2101 '),
	('SQ1401', 'BLDG2301'),
	('SQ1401', 'ACAD2101L '),
	('SQ1401', 'CIVL2502'),
	('SQ1401', 'MATH1302 '),
	('SQ1401', 'ARCH2452 '),
	('SQ1401', 'CIVL2152 '),
	('SQ1401', 'ELEC2122 '),
	('SQ1401', 'BLDG2352'),
	('TQ1402', 'BIOL1151 '),
	('TQ1402', 'BIOL1151L '),
	('TQ1402', 'CHEM1015 '),
	('TQ1402', 'CHEM1015l '),
	('TQ1402', 'MATH1014 '),
	('TQ1402', 'ENGL1014 '),
	('TQ1402', 'BIOL1302 '),
	('TQ1402', 'BIOL1302l '),
	('TQ1402', 'BIOL1332 '),
	('TQ1402', 'BIOL1342L'),
	('TQ1402', 'CHEM1025 '),
	('TQ1402', 'CHEM1025L '),
	('TQ1402', 'ENGL1025 '),
	('TQ1402', 'BIOL2151 '),
	('TQ1402', 'BIOL2351 '),
	('TQ1402', 'BIOL2401L'),
	('TQ1402', 'PHYS1312 '),
	('TQ1402', 'PHYS1312L '),
	('TQ1402', 'MATH2011 '),
	('TQ1402', 'BIOL2352 '),
	('TQ1402', 'BIOL2402 '),
	('TQ1402', 'BIOL2552L '),
	('TQ1402', 'CHEM1032 '),
	('TQ1402', 'CHEM1032L'),
	('RP1403', 'CMPS1014 '),
	('RP1403', 'ENGL1014 '),
	('RP1403', 'MATH1014 '),
	('RP1403', 'PHIL1014 '),
	('RP1403', 'MGMT1014 '),
	('RP1403', 'ACTG1054 '),
	('RP1403', 'CMPS1024 '),
	('RP1403', 'ENGL1025 '),
	('RP1403', 'SPAN1015 '),
	('RP1403', 'MATH2025 '),
	('RP1403', 'NRMP1014 '),
	('RP1403', 'BCOM2014 '),
	('RP1403', 'BLAW2014 '),
	('RP1403', 'ECON2015 '),
	('RP1403', 'FNAN2014 '),
	('RP1403', 'MKTG2015 '),
	('RP1403', 'SOCL1014 '),
	('RP1403', 'ENGL 1035 '),
	('RP1403', 'MGMT2015 '),
	('RP1403', 'MGMT2055 '),
	('RP1403', 'HIST1014 '),
	('RP1403', 'RSCH2014 '),
	('RP1403', 'PSYC1014 '),
	('SQ1402', 'CHEM1161 '),
	('SQ1402', 'CHEM1161L '),
	('SQ1402', 'BIOL1151 '),
	('SQ1402', 'BIOL1151L '),
	('SQ1402', 'ENGL1014 '),
	('SQ1402', 'MATH1151 '),
	('SQ1402', 'MATH1201 '),
	('SQ1402', 'CHEM1212 '),
	('SQ1402', 'CHEM1212L '),
	('SQ1402', 'CHEM1032 '),
	('SQ1402', 'CHEM1032L '),
	('SQ1402', 'ENGL1025 '),
	('SQ1402', 'MATH1392 '),
	('SQ1402', 'CHEM2161 '),
	('SQ1402', 'CHEM2161L '),
	('SQ1402', 'CHEM1252 '),
	('SQ1402', 'CHEM1252L '),
	('SQ1402', 'PHYS 1015 '),
	('SQ1402', 'PHYS 1015L '),
	('SQ1402', 'CHEM2201 '),
	('SQ1402', 'CHEM2201L '),
	('TQ1403', 'CHEM1201 '),
	('TQ1403', 'CHEM1201L '),
	('TQ1403', 'ENGL1014 '),
	('TQ1403', 'MATH1151 '),
	('TQ1403', 'MATH1201 '),
	('TQ1403', 'SPAN1025'),
	('TQ1403', 'CHEM1212 '),
	('TQ1403', 'CHEM1212L '),
	('TQ1403', 'CHEM1032 '),
	('TQ1403', 'CHEM1032L '),
	('TQ1403', 'ENGL1025 '),
	('TQ1403', 'MATH1302 '),
	('TQ1403', 'MATH1212 '),
	('TQ1403', 'CHEM2161 '),
	('TQ1403', 'CHEM2161L '),
	('TQ1403', 'CHEM1252 '),
	('TQ1403', 'PHYS1015 '),
	('TQ1403', 'PHYS1015L '),
	('TQ1403', 'MATH2151 '),
	('TQ1403', 'MATH2251 '),
	('TQ1403', 'CMPS1131 '),
	('TQ1403', 'CHEM2201 '),
	('TQ1403', 'CHEM2201L '),
	('TQ1403', 'MATH2352 '),
	('TQ1403', 'MATH2302 '),
	('TQ1404', 'CMPS1134 '),
	('TQ1405', 'CMPS1131 '),
	('TQ1406', 'MATH1151 '),
	('TQ1407', 'MATH1201 '),
	('TQ1408', 'ENGL1014 '),
	('TQ1409', 'PHIL1014 '),
	('TQ1410', 'CMPS1232 '),
	('TQ1411', 'CMPS1211 '),
	('TQ1412', 'CMPS1171 '),
	('TQ1413', 'MATH1302 '),
	('TQ1414', 'ENGL1025 '),
	('TQ1415', 'SPAN1025 '),
	('TQ1416', 'CMPPS2131'),
	('TQ1417', 'CMPS2111'),
	('TQ1418', 'CMPS2151 '),
	('TQ1419', 'ENGL1035 '),
	('TQ1420', 'MATH 2201 '),
	('TQ1421', 'MGMT1014'),
	('TQ1422', 'CMPS1191 '),
	('TQ1423', 'CMPS2212 '),
	('TQ1424', 'CMPS2232 '),
	('TQ1425', 'CMPS2242'),
	('TQ1426', 'CMPS2992 '),
	('TQ1427', 'PSYC1014 '),
	('TQ1428', 'HIST1014 '),
	('RP1405', 'PHYS1201 '),
	('RP1405', 'PHYS1251L '),
	('RP1405', 'MATH1151 '),
	('RP1405', 'MATH1201 '),
	('RP1405', 'CMPS 1124 '),
	('RP1405', 'PHYS1312 '),
	('RP1405', 'PHYS1402L '),
	('RP1405', 'MATH1252 '),
	('RP1405', 'MATH1302 '),
	('RP1405', 'MATH 1212 '),
	('RP1405', 'PHYS1162 F'),
	('RP1405', 'CMPS 2122 '),
	('RP1405', 'PHYS2161 '),
	('RP1405', 'PHYS2251L '),
	('RP1405', 'MATH2151 '),
	('RP1405', 'MATH2201 '),
	('RP1405', 'MATH2251 '),
	('RP1405', 'PHYS2271  '),
	('RP1405', 'PHYS2302 '),
	('RP1405', 'PHYS2352 '),
	('RP1405', 'PHYS2402L '),
	('RP1405', 'MATH2302 '),
	('RP1405', 'MATH2352 '),
	('RP1405', 'CHEM1161 '),
	('SQ1404', 'MATH 1151 '),
	('SQ1404', 'MATH 1201 '),
	('SQ1404', 'ENGL1014 '),
	('SQ1404', 'SPAN1025 '),
	('SQ1404', 'HIS1014 '),
	('SQ1404', 'MGMT1014'),
	('SQ1404', 'MATH1252 '),
	('SQ1404', 'MATH1302 '),
	('SQ1404', 'MATH1212 '),
	('SQ1404', 'PSYC1014 '),
	('SQ1404', 'ENGL1025 '),
	('SQ1404', 'PHIL1014 '),
	('SQ1404', 'MATH2201 '),
	('SQ1404', 'MATH2251 '),
	('SQ1404', 'MATH2151 '),
	('SQ1404', 'CMPS1124 '),
	('SQ1404', 'ENGL1035 '),
	('SQ1404', 'SPAN1025'),
	('SQ1404', 'MATH2352 '),
	('SQ1404', 'MATH2302 '),
	('SQ1404', 'MATH2402 '),
	('SQ1404', 'CMPS2122 '),
	('SQ1404', 'STAT2151'),
	('SQ1404', 'RSCH2014 '),
	('TQ1405', 'ELEC 1401 '),
	('TQ1405', 'ELEC 1101L '),
	('TQ1405', 'MECH 1101L '),
	('TQ1405', 'MECH 1301 '),
	('TQ1405', 'MECH 1401 '),
	('TQ1405', 'MECH 1451 '),
	('TQ1405', 'MATH 1014 '),
	('TQ1405', 'PHYS 1041 '),
	('TQ1405', 'ACAD 1102L '),
	('TQ1405', 'ELEC 1152L '),
	('TQ1405', 'ELEC 1452 '),
	('TQ1405', 'MECH 1152L '),
	('TQ1405', 'MECH 1352 '),
	('TQ1405', 'MECH 1502 '),
	('TQ1405', 'ENGL 1025 '),
	('TQ1405', 'MATH 1151 '),
	('TQ1405', 'CHEM 1042 '),
	('TQ1405', 'MECH 2993 '),
	('TQ1405', 'ACAD 2101L '),
	('TQ1405', 'ELEC 2101L '),
	('TQ1405', 'ELEC 2201 '),
	('TQ1405', 'ELEC 2301 '),
	('TQ1405', 'ELEC 2401 '),
	('TQ1405', 'MECH 2101L '),
	('TQ1405', 'MECH 2201 '),
	('TQ1405', 'MECH 2301 '),
	('TQ1405', 'MECH 2451 '),
	('TQ1405', 'MATH 1201 '),
	('TQ1405', 'ELEC2152L'),
	('TQ1405', 'ELEC 2252 '),
	('TQ1405', 'ELEC 2352 '),
	('TQ1405', 'ELEC 2452 '),
	('TQ1405', 'MECH 2252 '),
	('TQ1405', 'MECH 2352 '),
	('TQ1405', 'MECH 2502 '),
	('TQ1405', 'MECH 2152L '),
	('TQ1405', 'MATH 1302 '),
	('SQ1405', 'BIOL 1015 '),
	('SQ1405', 'BIOL 1015L '),
	('SQ1405', 'CHEM1015 '),
	('SQ1405', 'CHEM1015L '),
	('SQ1405', 'NRMP 1151'),
	('SQ1405', 'BIOL 1025 '),
	('SQ1405', 'BIOL 1025L '),
	('SQ1405', 'CHEM1025 '),
	('SQ1405', 'CHEM1025L '),
	('SQ1405', 'NRMP 2201 '),
	('SQ1405', 'NRMP 2251 '),
	('SQ1405', 'NRMP 2301 '),
	('SQ1405', 'NRMP 2351 '),
	('SQ1405', 'PSYC 2014 '),
	('SQ1405', 'NRMP 2402 '),
	('SQ1405', 'NRMP 2452 '),
	('SQ1405', 'NRMP 2502'),
	('SQ1405', 'NRMP 2552'),
	('SQ1405', 'SOCL 2014'),
	('TQ1407', 'ACTG 1014 '),
	('TQ1407', 'CMPS1014 '),
	('TQ1407', 'ENGL1014 '),
	('TQ1407', 'TOUR 1014 '),
	('TQ1407', 'HIST1014 '),
	('TQ1407', 'MGMT1014 '),
	('TQ1407', 'ECON 1014 '),
	('TQ1407', 'TOUR 1052 '),
	('TQ1407', 'ENGL1025 '),
	('TQ1407', 'SPAN1025 '),
	('TQ1407', 'MATH 1014 '),
	('TQ1407', 'NRMP1014 '),
	('TQ1407', 'TOUR 2995 '),
	('TQ1407', 'TOUR 2011 '),
	('TQ1407', 'TOUR 2051 '),
	('TQ1407', 'SPAN '),
	('TQ1407', 'TOUR 2101 '),
	('TQ1407', 'MKTG2015 '),
	('TQ1407', 'MGMT 2011 '),
	('TQ1407', 'ENGL 1035 '),
	('TQ1407', 'TOUR 2152 '),
	('TQ1407', 'TOUR 2202 '),
	('TQ1407', 'RSCH2014 '),
	('TQ1407', 'TOUR 2252 '),
	('TQ1407', 'MKTG 2052 '),
	('RP1408', 'ACTG 3051 '),
	('RP1408', 'ACTG 3151 '),
	('RP1408', 'MGMT 3015 '),
	('RP1408', 'TAXA 3011 '),
	('RP1408', 'MATH 4052 '),
	('RP1408', 'ENGL 3055 '),
	('RP1408', 'ACTG 3102 '),
	('RP1408', 'ACTG 3202 '),
	('RP1408', 'CMPS 3012 '),
	('RP1408', 'FNAN 3015 '),
	('RP1408', 'MATH 3032 '),
	('RP1408', 'TAXA 3052 '),
	('RP1408', 'ACTG 4011 '),
	('RP1408', 'ACTG 4101 '),
	('RP1408', 'ACTG 4151 '),
	('RP1408', 'MGMT 4015 '),
	('RP1408', 'RSCH 4015 '),
	('RP1408', 'ECON 4015 '),
	('RP1408', 'ACTG 4052 '),
	('RP1408', 'ACTG 4202 '),
	('RP1408', 'BUSS 4015 '),
	('RP1408', 'MGMT 4995 '),
	('SQ1407', 'CNFU1000'),
	('SQ1407', 'WMAP1020'),
	('SQ1407', 'AHFS1030'),
	('SQ1407', 'PJMA1040'),
	('SQ1407', 'BAEP1050'),
	('SQ1407', 'WMAPP1060'),
	('SQ1407', 'PHPM1070'),
	('SQ1407', 'HAED1080'),
	('SQ1407', 'AAGM1090'),
	('SQ1407', 'SNPJ1011'),
	('SQ1407', 'CCPR1012'),
	('SQ1407', 'CSAD1013'),
	('SQ1407', 'FPDS1014'),
	('SQ1407', 'ESPC1015'),
	('TQ1408', 'ACTG3015 '),
	('TQ1408', 'MGMT3155 '),
	('TQ1408', 'MATH3032 '),
	('TQ1408', 'MGMT3105 '),
	('TQ1408', 'CMPS3012 '),
	('TQ1408', 'MATH3025 '),
	('TQ1408', 'RSCH4015 '),
	('TQ1408', 'MGMT4015 '),
	('TQ1408', 'ECON4015 '),
	('TQ1408', 'FNAN3035 '),
	('TQ1408', 'MGMT4105 '),
	('TQ1408', 'MGMT3015 '),
	('TQ1408', 'FNAN4155'),
	('TQ1408', 'MGMT4150 '),
	('TQ1408', 'FNAN4360 '),
	('TQ1408', 'FNAN4030 '),
	('TQ1408', 'FNAN4035 '),
	('TQ1408', 'FNAN4115 '),
	('TQ1408', 'MGMT4023 '),
	('TQ1408', 'MGMT4155 '),
	('TQ1408', 'FNAN4205 '),
	('RP1409', 'BIOL3151 '),
	('RP1409', 'EDUC3451 '),
	('RP1409', 'EDUC3141 '),
	('RP1409', 'EDUC3101 '),
	('RP1409', 'BIOL3302 '),
	('RP1409', 'SPED3111 '),
	('RP1409', 'EDUC3252 '),
	('RP1409', 'EDUC3552 '),
	('RP1409', 'BIOL3362 '),
	('RP1409', 'BIOL4151 '),
	('RP1409', 'BIOL3402 '),
	('RP1409', 'EDUC3453 '),
	('RP1409', 'EDUC3553 '),
	('RP1409', 'EDUC4153 '),
	('RP1409', 'EDUC4256 '),
	('RP1409', 'EDUC4301 '),
	('RP1409', 'EDUC4855 '),
	('RP1409', 'EDUC3454 '),
	('RP1409', 'EDUC4201 '),
	('RP1409', 'ESCI4051 '),
	('RP1409', 'BIOL4352 '),
	('SQ1408', 'BIOL3151 '),
	('SQ1408', 'BIOL3151L'),
	('SQ1408', 'BIOL3402 '),
	('SQ1408', 'BIOL3402L '),
	('SQ1408', 'BIOL3302 '),
	('SQ1408', 'BIOL3302L '),
	('SQ1408', 'MATH3012 '),
	('SQ1408', 'NRMP3401 '),
	('SQ1408', 'BIOL4151'),
	('SQ1408', 'BIOL4151L'),
	('SQ1408', 'BIOL3352 '),
	('SQ1408', 'BIOL 3352L '),
	('SQ1408', 'BIOL3362 '),
	('SQ1408', 'BIOL3362L'),
	('SQ1408', 'BIOL4301 '),
	('SQ1408', 'BIOL3452 '),
	('SQ1408', 'BIOL4451 '),
	('SQ1408', 'BIOL4451L '),
	('SQ1408', 'BIOL4601 '),
	('SQ1408', 'BIOL4501 '),
	('SQ1408', 'BIOL4501L '),
	('SQ1408', 'BIOL4352 '),
	('SQ1408', 'BIOL4551L '),
	('SQ1408', 'SCIE3551 '),
	('SQ1408', 'BIOL4602'),
	('SQ1408', 'BIOL4602L'),
	('SQ1408', 'BIOL4402 '),
	('SQ1408', 'BIOL4402L'),
	('SQ1408', 'BIOL 4992 '),
	('TQ1409', 'ACTG3015 '),
	('TQ1409', 'MGMT3015 '),
	('TQ1409', 'MATH3032 '),
	('TQ1409', 'FNAN3015 '),
	('TQ1409', 'CMPS3012 '),
	('TQ1409', 'MATH3025 '),
	('TQ1409', 'RSCH4015 '),
	('TQ1409', 'MGMT40'),
	('TQ1409', 'ECON4015 '),
	('TQ1409', 'MGMT3105 '),
	('TQ1409', 'MGMT4105 '),
	('TQ1409', 'MGMT3155 '),
	('TQ1409', 'MGMT4150 '),
	('TQ1409', 'MGMT4360 '),
	('TQ1409', 'MGMT4330 '),
	('TQ1409', 'MGMT4015 '),
	('TQ1409', 'MKTG4015 '),
	('TQ1409', 'MGMT4051 '),
	('TQ1409', 'MGMT4155 '),
	('TQ1409', 'MGMT4023 '),
	('TQ1409', 'MGMT4205'),
	('RP1410', 'ACTG3015 '),
	('RP1410', 'MGMT3015 '),
	('RP1410', 'MATH3032 '),
	('RP1410', 'FNAN3015 '),
	('RP1410', 'CMPS3012 '),
	('RP1410', 'MATH3025 '),
	('RP1410', 'RSCH4015 '),
	('RP1410', 'MGMT40'),
	('RP1410', 'ECON4015 '),
	('RP1410', 'MGMT3105 '),
	('RP1410', 'MGMT4105 '),
	('RP1410', 'MGMT3155 '),
	('RP1410', 'MGMT4150 '),
	('RP1410', 'MGMT4360 '),
	('RP1410', 'MGMT4330 '),
	('RP1410', 'MGMT4015 '),
	('RP1410', 'MKTG4015 '),
	('RP1410', 'MGMT4051 '),
	('RP1410', 'MGMT4155 '),
	('RP1410', 'MGMT4023 '),
	('RP1410', 'MGMT4205'),
	('SQ1409', 'ACTG 3051 '),
	('SQ1409', 'ACTG 3151 '),
	('SQ1409', 'EDUC3141'),
	('SQ1409', 'EDUC3101 '),
	('SQ1409', 'MATH4011 '),
	('SQ1409', 'TAXA3011 '),
	('SQ1409', 'ACTG 3102 '),
	('SQ1409', 'ACTG 3202 '),
	('SQ1409', 'EDUC3302 '),
	('SQ1409', 'FNAN3015 '),
	('SQ1409', 'MATH3032 '),
	('SQ1409', 'TAXA 3052 '),
	('SQ1409', 'EDUC3453 '),
	('SQ1409', 'EDUC3553 '),
	('SQ1409', 'EDUC4153 '),
	('SQ1409', 'EDUC4256 '),
	('SQ1409', 'ACTG 4011 '),
	('SQ1409', 'ACTG 4101 '),
	('SQ1409', 'ACTG 4151 '),
	('SQ1409', 'EDUC4201 '),
	('SQ1409', 'EDUC3451 '),
	('SQ1409', 'EDUC3905 '),
	('SQ1409', 'ACTG 4052 '),
	('SQ1409', 'BUSS 4015 '),
	('SQ1409', 'EDUC3454 '),
	('SQ1409', 'EDUC3252'),
	('SQ1409', 'EDUC3552 '),
	('SQ1409', 'EDUC4855 '),
	('SQ1409', 'DUC4995 '),
	('TQ1410', 'CMPS3051 '),
	('TQ1410', 'EDUC3451 '),
	('TQ1410', 'EDUC3141'),
	('TQ1410', 'EDUC3101 '),
	('TQ1410', 'ENGL3155 '),
	('TQ1410', 'SPED3111 '),
	('TQ1410', 'EDUC3252'),
	('TQ1410', 'EDUC3552 '),
	('TQ1410', 'EDUC3302 '),
	('TQ1410', 'EDUC3905 '),
	('TQ1410', 'CMPS3232 '),
	('TQ1410', 'MGMT3105 '),
	('TQ1410', 'EDUC3453 '),
	('TQ1410', 'EDUC3553 '),
	('TQ1410', 'EDUC4153 '),
	('TQ1410', 'EDUC4256 '),
	('TQ1410', 'EDUC4301 '),
	('TQ1410', 'CMPS4111 '),
	('TQ1410', 'CMPS4151 '),
	('TQ1410', 'EDUC4201 '),
	('TQ1410', 'EDUC4855 '),
	('TQ1410', 'EDUC3454 '),
	('TQ1410', 'EDUC4995 '),
	('RP1411', 'MGMT3015 '),
	('RP1411', 'EDUC3451 '),
	('RP1411', 'EDUC3141'),
	('RP1411', 'EDUC3101 '),
	('RP1411', 'MATH302 '),
	('RP1411', 'SPED3111 '),
	('RP1411', 'EDUC3252'),
	('RP1411', 'EDUC3552 '),
	('RP1411', 'EDUC3302 '),
	('RP1411', 'FNAN3015 '),
	('RP1411', 'MATH3032 '),
	('RP1411', 'MGMT3105 '),
	('RP1411', 'EDUC3453 '),
	('RP1411', 'EDUC3553 '),
	('RP1411', 'EDUC4153 '),
	('RP1411', 'EDUC4256 '),
	('RP1411', 'EDUC4301 '),
	('RP1411', 'CMPS3012 '),
	('RP1411', 'MGMT3155 '),
	('RP1411', 'EDUC4201 '),
	('RP1411', 'MGMT4051 '),
	('RP1411', 'EDUC3905 '),
	('RP1411', 'MGMT3055 '),
	('RP1411', 'MGMT4195 '),
	('RP1411', 'MGMT4015 '),
	('RP1411', 'MGMT4105 '),
	('RP1411', 'EDUC3454 '),
	('RP1411', 'EDUC4855 '),
	('RP1411', 'EDUC4995 '),
	('SQ1410', 'CHEM1201 '),
	('SQ1410', 'CHEM1201L '),
	('SQ1410', 'BIOL1151 '),
	('SQ1410', 'BIOL1151L '),
	('SQ1410', 'ENGL1014 '),
	('SQ1410', 'MATH1151 '),
	('SQ1410', 'MATH1201 '),
	('SQ1410', 'CHEM1212 '),
	('SQ1410', 'CHEM1212L '),
	('SQ1410', 'CHEM1032 '),
	('SQ1410', 'CHEM1032L '),
	('SQ1410', 'ENGL1025 '),
	('SQ1410', 'MATH1392 '),
	('SQ1410', 'CHEM2151 '),
	('SQ1410', 'CHEM2151L '),
	('SQ1410', 'CHEM1252 '),
	('SQ1410', 'CHEM1252L '),
	('SQ1410', 'PHYS 1015 '),
	('SQ1410', 'PHYS 1015L '),
	('SQ1410', 'CHEM2201 '),
	('SQ1410', 'CHEM2201L '),
	('SQ1410', 'PHYS1025 '),
	('SQ1410', 'PHYS1025L '),
	('SQ1410', 'BIOL3251 '),
	('SQ1410', 'BIOL3251L '),
	('SQ1410', 'CHEM3201 '),
	('SQ1410', 'CHEM3201L '),
	('SQ1410', 'CHEM3401 '),
	('SQ1410', 'MATH2201 '),
	('SQ1410', 'CHEM3451 '),
	('SQ1410', 'MATH2011 '),
	('SQ1410', 'CHEM3202 '),
	('SQ1410', 'CHEM3252 '),
	('SQ1410', 'CHEM3352 '),
	('SQ1410', 'CHEM3402 '),
	('SQ1410', 'CHEM3452L '),
	('SQ1410', 'CHEM3502 '),
	('SQ1410', 'MATH 3012 '),
	('SQ1410', 'CHEM4201 '),
	('SQ1410', 'CHEM4251 '),
	('SQ1410', 'CHEM4301 '),
	('SQ1410', 'CHEM4351 '),
	('SQ1410', 'CHEM4401L'),
	('SQ1410', 'SCIE4551 '),
	('SQ1410', 'CHEM4452 '),
	('SQ1410', 'CHEM4492 '),
	('SQ1410', 'CHEM4502 '),
	('TQ1411', 'EDUC3141 '),
	('TQ1411', 'EDUC3101 '),
	('TQ1411', 'LITR3101 '),
	('TQ1411', 'LING3101 '),
	('TQ1411', 'LITR3201 '),
	('TQ1411', 'EDUC3451 '),
	('TQ1411', 'LITR3252 '),
	('TQ1411', 'EDUC3552 '),
	('TQ1411', 'EDUC3252 '),
	('TQ1411', 'EDUC3302 '),
	('TQ1411', 'EDUC3905 '),
	('TQ1411', 'LITR3302 '),
	('TQ1411', 'EDUC3453 '),
	('TQ1411', 'EDUC4153 '),
	('TQ1411', 'EDUC3553 '),
	('TQ1411', 'EDUC4256 '),
	('TQ1411', 'LITR4101 '),
	('TQ1411', 'EDUC4151 '),
	('TQ1411', 'LITR4151 '),
	('TQ1411', 'LITR4301 '),
	('TQ1411', 'EDUC4201 '),
	('TQ1411', 'EDUC4301 '),
	('TQ1411', 'EDUC4855 '),
	('TQ1411', 'EENG3851 '),
	('TQ1411', 'LITR4402 '),
	('TQ1411', 'LITR4452 '),
	('TQ1411', 'EDUC3454 '),
	('TQ1411', 'EDUC4995 '),
	('RP1412', 'LITR3151 '),
	('RP1412', 'LITR3101 '),
	('RP1412', 'LING3101 '),
	('RP1412', 'LITR3201 '),
	('RP1412', 'EDUC3451 '),
	('RP1412', 'LITR3252 '),
	('RP1412', 'LITR3352 '),
	('RP1412', 'LITR3302 '),
	('RP1412', 'LITR3402 '),
	('RP1412', 'LITR4101 '),
	('RP1412', 'LITR4201 '),
	('RP1412', 'LITR4151 '),
	('RP1412', 'LITR4351 '),
	('RP1412', 'LITR4251 '),
	('RP1412', 'EDUC4301 '),
	('RP1412', 'LITR4502 '),
	('RP1412', 'LITR4552 '),
	('RP1412', 'LITR4402 '),
	('RP1412', 'LITR4452 '),
	('SQ1411', 'ENGL1014 '),
	('SQ1411', 'HIST1051 '),
	('SQ1411', 'HIST1101 '),
	('SQ1411', 'HIS1014 '),
	('SQ1411', 'HIST1151 '),
	('SQ1411', 'CMPS1014 '),
	('SQ1411', 'ENGL1025 '),
	('SQ1411', 'HIST1252 '),
	('SQ1411', 'HIST1302 '),
	('SQ1411', 'HIST1352 '),
	('SQ1411', 'MATH1014 '),
	('SQ1411', 'PHIL1014 '),
	('SQ1411', 'HIST2101 '),
	('SQ1411', 'HIST2151 '),
	('SQ1411', 'HIST2201 '),
	('SQ1411', 'HIST2302 '),
	('SQ1411', 'HIST2352 '),
	('SQ1411', 'HIST2402 '),
	('SQ1411', 'SPAN '),
	('SQ1411', 'ECON1014'),
	('SQ1411', 'HIST3101 '),
	('SQ1411', 'HIST3151 '),
	('SQ1411', 'HIST3201 '),
	('SQ1411', 'RSCH2014 '),
	('SQ1411', 'ENGL1035 '),
	('SQ1411', 'HIST3302 '),
	('SQ1411', 'HIST3352 '),
	('SQ1411', 'HIST3402'),
	('SQ1411', 'HIST4101 '),
	('SQ1411', 'HIST4154 '),
	('SQ1411', 'HIST4201 '),
	('SQ1411', 'HIST4304 '),
	('SQ1411', 'HIST4352 '),
	('SQ1411', 'SPAN '),
	('TQ1412', 'ACTG1014 '),
	('TQ1412', 'CMPS1014 '),
	('TQ1412', 'ENGL1014 '),
	('TQ1412', 'TOUR1014 '),
	('TQ1412', 'HIST1014 '),
	('TQ1412', 'MGMT1014 '),
	('TQ1412', 'ECON1014 '),
	('TQ1412', 'TOUR1052 '),
	('TQ1412', 'ENGL1025 '),
	('TQ1412', 'SPAN1014 '),
	('TQ1412', 'MATH1014 '),
	('TQ1412', 'NRMP1014 '),
	('TQ1412', 'TOUR2011 '),
	('TQ1412', 'TOUR2051 '),
	('TQ1412', 'SPAN1025 '),
	('TQ1412', 'TOUR2101 '),
	('TQ1412', 'MKTG2015 '),
	('TQ1412', 'MGMT2011 '),
	('TQ1412', 'ENGL1035 '),
	('TQ1412', 'TOUR2152 '),
	('TQ1412', 'TOUR2202 '),
	('TQ1412', 'RSCH2014 '),
	('TQ1412', 'TOUR2252 '),
	('TQ1412', 'MKTG2052 '),
	('TQ1412', 'HOSP3011 '),
	('TQ1412', 'MGMT3015 '),
	('TQ1412', 'TOUR3051 '),
	('TQ1412', 'ENGL2105 '),
	('TQ1412', 'HOSP3101 '),
	('TQ1412', 'ENGL3155 '),
	('TQ1412', 'HOSP3302 '),
	('TQ1412', 'MGMT3105 '),
	('TQ1412', 'HOSP3202 '),
	('TQ1412', 'HOSP3152 '),
	('TQ1412', 'TOUR3252 '),
	('TQ1412', 'CMPS3012 '),
	('TQ1412', 'MGMT4015 '),
	('TQ1412', 'TOUR4011 '),
	('TQ1412', 'HOSP4105 '),
	('TQ1412', 'HOSP4051 '),
	('TQ1412', 'RSCH4015 '),
	('TQ1412', 'HOSP4101 '),
	('TQ1412', 'HOSP4152 '),
	('TQ1412', 'MDRN1012 '),
	('TQ1412', 'MGMT4995HO '),
	('TQ1412', 'MGMT4205HO '),
	('RP1413', 'CMPS1134 '),
	('RP1413', 'CMPS1131 '),
	('RP1413', 'MATH1151 '),
	('RP1413', 'MATH1201 '),
	('RP1413', 'ENGL1014 '),
	('RP1413', 'PHIL1014 '),
	('RP1413', 'CMPS1232 '),
	('RP1413', 'CMPS1211 '),
	('RP1413', 'CMPS1171 '),
	('RP1413', 'MATH1302 '),
	('RP1413', 'ENGL1025 '),
	('RP1413', 'SPAN1025 '),
	('RP1413', 'CMPS2131 '),
	('RP1413', 'CMPS2111 '),
	('RP1413', 'CMPS2151 '),
	('RP1413', 'ENGL1035 '),
	('RP1413', 'MATH2201 '),
	('RP1413', 'CMPS1191 '),
	('RP1413', 'MGMT1014 \n'),
	('RP1413', 'CMPS2212 '),
	('RP1413', 'CMPS2232 '),
	('RP1413', 'CMPS2242 '),
	('RP1413', 'CMPS2992 '),
	('RP1413', 'PSYC1014 '),
	('RP1413', 'HIST1014 '),
	('RP1413', 'CMPS3111 '),
	('RP1413', 'CMPS3141 '),
	('RP1413', 'CMPS3151 '),
	('RP1413', 'CMPS3171 '),
	('RP1413', 'MATH3251 '),
	('RP1413', 'MATH3151 '),
	('RP1413', 'CMPS3162 '),
	('RP1413', 'CMPS4131 '),
	('RP1413', 'CMPS3252 '),
	('RP1413', 'ENGL3155 '),
	('RP1413', 'RSCH2014 '),
	('RP1413', 'SPAN2015 '),
	('RP1413', 'CMPS4991 '),
	('RP1413', 'CMPS4992 '),
	('SQ1412', 'BIOL1151 '),
	('SQ1412', 'BIOL1151L '),
	('SQ1412', 'CHEM1015 '),
	('SQ1412', 'CHEM1015L '),
	('SQ1412', 'ENGL1014 '),
	('SQ1412', 'MATH1014 '),
	('SQ1412', 'BIOL1332 '),
	('SQ1412', 'BIOL1332L '),
	('SQ1412', 'CHEM1025 '),
	('SQ1412', 'CHEM1025L '),
	('SQ1412', 'ENGL1025 '),
	('SQ1412', 'BIOL2151 '),
	('SQ1412', 'BIOL2351 '),
	('SQ1412', 'BIOL2401L '),
	('SQ1412', 'MATH2011 '),
	('SQ1412', 'MATH1045 '),
	('SQ1412', 'BIOL2402 '),
	('SQ1412', 'BIOL2352 '),
	('SQ1412', 'BIOL2552L '),
	('SQ1412', 'MBIO2201 '),
	('SQ1412', 'CHEM1032 '),
	('SQ1412', 'CHEM1032L '),
	('SQ1412', 'MBIO2451 '),
	('SQ1412', 'MBIO2303 '),
	('SQ1412', 'MBIO3201 '),
	('SQ1412', 'MBIO3201L '),
	('SQ1412', 'MBIO3251 '),
	('SQ1412', 'MBIO3251L '),
	('SQ1412', 'SCIE4651 '),
	('SQ1412', 'MATH3012 '),
	('SQ1412', 'BIOL3362 '),
	('SQ1412', 'BIOL3362L '),
	('SQ1412', 'MBIO3202 '),
	('SQ1412', 'MBIO3202L '),
	('SQ1412', 'BIOL3201 '),
	('SQ1412', 'SCIE3251 '),
	('SQ1412', 'MBIO3303 '),
	('SQ1412', 'BIOL4352 '),
	('SQ1412', 'BIOL4352L '),
	('SQ1412', 'MBIO4201 '),
	('SQ1412', 'MBIO4251 '),
	('SQ1412', 'BIOL4501 '),
	('SQ1412', 'NRMP3401 '),
	('SQ1412', 'BIOL4402 '),
	('SQ1412', 'BIOL4402L '),
	('SQ1412', 'MBIO4492 '),
	('TQ1413', 'SPAN'),
	('TQ1413', 'CMPS1014 '),
	('TQ1413', 'PHIL1014 '),
	('TQ1413', 'MGMT1014 '),
	('TQ1413', 'MATH1201'),
	('TQ1413', 'MATH2201 '),
	('TQ1413', 'EDUC2224 '),
	('TQ1413', 'EDUC3141 '),
	('TQ1413', 'EDUC3101 '),
	('TQ1413', 'EDUC3451 '),
	('TQ1413', 'MATH3151 '),
	('TQ1413', 'MATH3201 '),
	('TQ1413', 'MATH3251'),
	('TQ1413', 'EDUC3552'),
	('TQ1413', 'EDUC3252 '),
	('TQ1413', 'EDUC3302 '),
	('TQ1413', 'MATH3352 '),
	('TQ1413', 'MATH3302'),
	('TQ1413', 'MATH3402 '),
	('TQ1413', 'EDUC3453 '),
	('TQ1413', 'EDUC3553 '),
	('TQ1413', 'EDUC4153 '),
	('TQ1413', 'EDUC4256'),
	('TQ1413', 'EDUC4201'),
	('TQ1413', 'EMAT4851 '),
	('TQ1413', 'MATH4151'),
	('TQ1413', 'MATH4251 '),
	('TQ1413', 'MATH4201'),
	('TQ1413', 'MATH4301'),
	('TQ1413', 'EDUC4855'),
	('TQ1413', 'MATH4352'),
	('TQ1413', 'MATH4402 '),
	('TQ1413', 'MATH4502 '),
	('TQ1413', 'EDUC3905 '),
	('TQ1413', 'EDUC3435 '),
	('TQ1413', 'EDUC4995 '),
	('RP1414', 'ENGL3155 '),
	('RP1414', 'MATH3151 '),
	('RP1414', 'MATH3201 '),
	('RP1414', 'MATH3251 '),
	('RP1414', 'MATH3302 '),
	('RP1414', 'MATH4201 '),
	('RP1414', 'MATH3402 '),
	('RP1414', 'MATH3362 '),
	('RP1414', 'MATH3742 '),
	('RP1414', 'MATH4151 '),
	('RP1414', 'MATH4401'),
	('RP1414', 'MATH4251 '),
	('RP1414', 'MATH4301 '),
	('RP1414', 'MATH4352 '),
	('RP1414', 'MATH4402 '),
	('RP1414', 'MATH4452 '),
	('RP1414', 'MATH4502 '),
	('SQ1413', 'ACTG3015 '),
	('SQ1413', 'MGMT3155 '),
	('SQ1413', 'MATH3032 '),
	('SQ1413', 'MGMT3105 '),
	('SQ1413', 'MPS3012 '),
	('SQ1413', 'MATH3025 '),
	('SQ1413', 'RSCH4015 '),
	('SQ1413', 'MGMT4015 '),
	('SQ1413', 'ECON4015 '),
	('SQ1413', 'FNAN3035 '),
	('SQ1413', 'MGMT4105 '),
	('SQ1413', 'MGMT3015 '),
	('SQ1413', 'MKT4115'),
	('SQ1413', 'MKTG4015 '),
	('SQ1413', 'MKTG4035 '),
	('SQ1413', 'MKTG4030 '),
	('SQ1413', 'MKTG4025 '),
	('SQ1413', 'MKTG4125 '),
	('SQ1413', 'MGM4155'),
	('SQ1413', 'MGMT4023 '),
	('TQ1414', 'ACTG3015 '),
	('TQ1414', 'MGMT3155 '),
	('TQ1414', 'MATH3032 '),
	('TQ1414', 'MGMT3105 '),
	('TQ1414', 'MPS3012 '),
	('TQ1414', 'MATH3025 '),
	('TQ1414', 'RSCH4015 '),
	('TQ1414', 'MGMT4015 '),
	('TQ1414', 'ECON4015 '),
	('TQ1414', 'FNAN3035 '),
	('TQ1414', 'MGMT4105 '),
	('TQ1414', 'MGMT3015 '),
	('TQ1414', 'MKT4115'),
	('TQ1414', 'MKTG4015 '),
	('TQ1414', 'MKTG4035 '),
	('TQ1414', 'MKTG4030 '),
	('TQ1414', 'MKTG4025 '),
	('TQ1414', 'MKTG4125 '),
	('TQ1414', 'MGM4155'),
	('TQ1414', 'MGMT4023 '),
	('RP1415', 'ENGL1014 '),
	('RP1415', 'CHEM1015 '),
	('RP1415', 'CHEM1015L '),
	('RP1415', 'BIOL1015 '),
	('RP1415', 'BIOL1015L '),
	('RP1415', 'MATH1014 '),
	('RP1415', 'SPAN1015 '),
	('RP1415', 'CMPS1014 '),
	('RP1415', 'CHEM1025 '),
	('RP1415', 'CHEM1025 '),
	('RP1415', 'BIOL1025 '),
	('RP1415', 'BIOL1025L '),
	('RP1415', 'BIOL1102 '),
	('RP1415', 'ENGL1025 '),
	('RP1415', 'HIST1014 '),
	('RP1415', 'MGMT1014 '),
	('RP1415', 'SPAN1025 '),
	('RP1415', 'ALHL2012 '),
	('RP1415', 'ALHL2905 '),
	('RP1415', 'CHEM1032 '),
	('RP1415', 'BIOL3402 '),
	('RP1415', 'BIOL3402L '),
	('RP1415', 'RSCH2014 '),
	('RP1415', 'ENGL1035 '),
	('RP1415', 'ALHL3012 '),
	('RP1415', 'ALHL2021 '),
	('RP1415', 'BIOL1201 '),
	('RP1415', 'BIOL1201L '),
	('RP1415', 'ALHL3904 '),
	('RP1415', 'SPAN2015 '),
	('RP1415', 'BMLS2052 '),
	('RP1415', 'BMLS2052L '),
	('RP1415', 'PHIL1014 '),
	('RP1415', 'BMLS3051 '),
	('RP1415', 'BMLS3051L '),
	('RP1415', 'BMLS3101 '),
	('RP1415', 'BMLS3101L'),
	('RP1415', 'BMLS3151 '),
	('RP1415', 'BMLS3151L '),
	('RP1415', 'BMLS3201 '),
	('RP1415', 'BMLS3202L'),
	('RP1415', 'BMLS3251 '),
	('RP1415', 'BMLS3251L'),
	('RP1415', 'BMLS3302 '),
	('RP1415', 'BMLS3302L '),
	('RP1415', 'BMLS3352 '),
	('RP1415', 'BMLS3352L '),
	('RP1415', 'BMLS3402 '),
	('RP1415', 'BMLS3402L '),
	('RP1415', 'BMLS3452 '),
	('RP1415', 'BMLS3452L '),
	('RP1415', 'BMLS3502 '),
	('RP1415', 'BMLS3993 '),
	('RP1415', 'BMLS3553 '),
	('RP1415', 'BMLS4051 '),
	('RP1415', 'BMLS4051L '),
	('RP1415', 'BMLS4101 '),
	('RP1415', 'BMLS4101L '),
	('RP1415', 'BMLS4151 '),
	('RP1415', 'BMLS4151L '),
	('RP1415', 'BMLS4201 '),
	('RP1415', 'BMLS4201L '),
	('RP1415', 'BMLS4251 '),
	('SQ1414', 'NRMP 3151 '),
	('SQ1414', 'NRMP 3401 '),
	('SQ1414', 'NRMP 3351 '),
	('SQ1414', 'MATH2011 '),
	('SQ1414', 'ENGL3155 '),
	('SQ1414', 'RSCH '),
	('SQ1414', 'MATH 3012 '),
	('SQ1414', 'NRMP 3302 '),
	('SQ1414', 'CHEM 2302 '),
	('SQ1414', 'NRMP 3202 '),
	('SQ1414', 'NRMP 3252 '),
	('SQ1414', 'NRMP 3452 '),
	('SQ1414', 'NRMP 4153 '),
	('SQ1414', 'NRMP 4993 '),
	('SQ1414', 'NRMP 4251 '),
	('SQ1414', 'NRMP 4301 '),
	('SQ1414', 'NRMP 4301L '),
	('SQ1414', 'NRMP 4351 '),
	('SQ1414', 'NRMP 4201 '),
	('SQ1414', 'NRMP 4502 '),
	('SQ1414', 'NRMP 4402 '),
	('SQ1414', 'NRMP 4552 '),
	('SQ1414', 'NRMP 4452 '),
	('SQ1414', 'NRMP 4942 '),
	('TQ1415', 'ENGL1014 '),
	('TQ1415', 'CHEM1015 '),
	('TQ1415', 'CHEM 1015L '),
	('TQ1415', 'BIOL1015 '),
	('TQ1415', 'BIOL1015L '),
	('TQ1415', 'MATH1014 '),
	('TQ1415', 'PHIL1014 '),
	('TQ1415', 'CMPS1004 '),
	('TQ1415', 'ENGL1025'),
	('TQ1415', 'ALHL2012 '),
	('TQ1415', 'CHEM1032 '),
	('TQ1415', 'CHEM1032L '),
	('TQ1415', 'PSYC1014 '),
	('TQ1415', 'SOCL1014 '),
	('TQ1415', 'BIOL3402'),
	('TQ1415', 'BIOL 340L'),
	('TQ1415', 'ALHL 2021 '),
	('TQ1415', 'MGMT1014 '),
	('TQ1415', 'HIST1014 '),
	('TQ1415', 'SPAN 1025 '),
	('TQ1415', 'NURS2051 '),
	('TQ1415', 'NURS2051L '),
	('TQ1415', 'NURS2102 '),
	('TQ1415', 'RSCH1014 '),
	('TQ1415', 'NUTR2055 '),
	('TQ1415', 'NURS2152 '),
	('TQ1415', 'NURS2202 '),
	('TQ1415', 'NURS2202L '),
	('TQ1415', 'NURS3051 '),
	('TQ1415', 'NURS3051L '),
	('TQ1415', 'NURS3101 '),
	('TQ1415', 'NURS3101L '),
	('TQ1415', 'SWRK4101 '),
	('TQ1415', 'NURS3051P '),
	('TQ1415', 'NURS3101P '),
	('TQ1415', 'NURS4051 '),
	('TQ1415', 'NURS4051L '),
	('TQ1415', 'NURS4051P '),
	('TQ1415', 'NURS4101 '),
	('TQ1415', 'NURS4101P '),
	('TQ1415', 'NURS4152 '),
	('TQ1415', 'NURS4152P '),
	('TQ1415', 'NURS4202 '),
	('TQ1415', 'NURS4202P '),
	('SQ1415', 'ENGL1014 '),
	('SQ1415', 'CHEM1015 '),
	('SQ1415', 'CHEM1015L '),
	('SQ1415', 'BIOL1015 '),
	('SQ1415', 'BIOL1015L '),
	('SQ1415', 'MATH1014 '),
	('SQ1415', 'PHIL1014 '),
	('SQ1415', 'ENGL1025 '),
	('SQ1415', 'CHEM1025 '),
	('SQ1415', 'CHEM1025L '),
	('SQ1415', 'BIOL1025 '),
	('SQ1415', 'BIOL1025L '),
	('SQ1415', 'SPAN1015 '),
	('SQ1415', 'HIST1014 '),
	('SQ1415', 'ALHL2012 '),
	('SQ1415', 'MATH 1045 '),
	('SQ1415', 'CHEM1032 '),
	('SQ1415', 'BIOL3402 '),
	('SQ1415', 'BIOL3402L '),
	('SQ1415', 'PSYC1014'),
	('SQ1415', 'ALHL2021 '),
	('SQ1415', 'BIOL1201 '),
	('SQ1415', 'ALHL1024 '),
	('SQ1415', 'SPAN1025 '),
	('SQ1415', 'RSCH2014 '),
	('SQ1415', 'MGMT1014 '),
	('SQ1415', 'BPHA3051 '),
	('SQ1415', 'BPHA3101 '),
	('SQ1415', 'BPHA3151 '),
	('SQ1415', 'ALHL3904 '),
	('SQ1415', 'ALHL2905 '),
	('SQ1415', 'ENGL2015 '),
	('SQ1415', 'BPHA3202 '),
	('SQ1415', 'BPHA3252 '),
	('SQ1415', 'BPHA3302 '),
	('SQ1415', 'BPHA3352 '),
	('SQ1415', 'ALHL3012 '),
	('SQ1415', 'SPAN2015 '),
	('SQ1415', 'BPHA4051 '),
	('SQ1415', 'BPHA4101 '),
	('SQ1415', 'BPHA4151 '),
	('SQ1415', 'BPHA4201 '),
	('SQ1415', 'BPHA4251 '),
	('SQ1415', 'BPHA4301 '),
	('SQ1415', 'BPHA4352 '),
	('SQ1415', 'BPHA4402 '),
	('SQ1415', 'BPHA4452 '),
	('SQ1415', 'BPHA4502 '),
	('SQ1415', 'BPHA4552 '),
	('SQ1415', 'BPHA4602 '),
	('SQ1415', 'BPHA4652'),
	('SQ1415', 'BPHA4803 '),
	('SQ1415', 'BPHA5991 '),
	('SQ1415', 'BPHA5992 '),
	('SQ1415', 'BHAP5052'),
	('TQ1416', 'SPED3111 '),
	('TQ1416', 'ENGL3301 '),
	('TQ1416', 'EDUC3451 '),
	('TQ1416', 'EDUC3101 '),
	('TQ1416', 'EDUC3231 '),
	('TQ1416', 'ENGL3105 '),
	('TQ1416', 'ENGL3155 '),
	('TQ1416', 'EDUC3252 '),
	('TQ1416', 'EDUC3302 '),
	('TQ1416', 'ENGL3312 '),
	('TQ1416', 'EMAT3352 '),
	('TQ1416', 'EDUC3454 '),
	('TQ1416', 'DUC3103 '),
	('TQ1416', 'EDUC4153 '),
	('TQ1416', 'EDUC3403 '),
	('TQ1416', 'EDUC3453 '),
	('TQ1416', 'EDUC4151 '),
	('TQ1416', 'EDUC4201 '),
	('TQ1416', 'EDUC4256 '),
	('TQ1416', 'EDUC4855 '),
	('TQ1416', 'SPED4122 '),
	('TQ1416', 'EDUC4995 '),
	('TQ1417', 'ENGL 3055 '),
	('TQ1417', 'MGMT 3015 '),
	('TQ1417', 'PSMG 3051 '),
	('TQ1417', 'PSMG 3011 '),
	('TQ1417', 'PSMG 3101 '),
	('TQ1417', 'PSMG 3151 '),
	('TQ1417', 'PSMG 3252 '),
	('TQ1417', 'PSMG 3352 '),
	('TQ1417', 'PSMG 3202 '),
	('TQ1417', 'PSMG 3302 '),
	('TQ1417', 'CMPS 3012 '),
	('TQ1417', 'PSMG 3402 '),
	('TQ1417', 'PSMG 4015 '),
	('TQ1417', 'PSMG 4011 '),
	('TQ1417', 'PSMG 4151'),
	('TQ1417', 'PSMG 4051 '),
	('TQ1417', 'PSMG 4101 '),
	('TQ1417', 'MGMT 4155 '),
	('TQ1417', 'PSMG 4202 '),
	('TQ1417', 'MGMT 4995'),
	('SQ1417', 'ENGL1014 '),
	('SQ1417', 'CMPS1014 '),
	('SQ1417', 'SOCL1014 '),
	('SQ1417', 'MATH1014 '),
	('SQ1417', 'PSYC1014 '),
	('SQ1417', 'SPAN '),
	('SQ1417', 'ENGL1025 '),
	('SQ1417', 'HIST1014 '),
	('SQ1417', 'PHIL1014 '),
	('SQ1417', 'MGMT1014 '),
	('SQ1417', 'SPAN '),
	('SQ1417', 'SWRK 1101'),
	('SQ1417', 'SWRK 2101'),
	('SQ1417', 'SWRK 1152'),
	('SQ1417', 'ENGL 1035 '),
	('SQ1417', 'ALHL2951 '),
	('SQ1417', 'SWRK 3101'),
	('SQ1417', 'SWRK 2151 '),
	('SQ1417', 'SWRK 2202 '),
	('SQ1417', 'SWRK 2252'),
	('SQ1417', 'Elective'),
	('SQ1417', 'SWRK 2304 '),
	('SQ1417', 'SWRK 3201 '),
	('SQ1417', 'SWRK 2992 '),
	('SQ1417', 'RSCH 2014 '),
	('SQ1417', 'SWRK 3151 '),
	('SQ1417', 'SWRK 3991 '),
	('SQ1417', 'SWRK 3251'),
	('SQ1417', 'MGMT 3015 '),
	('SQ1417', 'SWRK3301 '),
	('SQ1417', 'SWRK3351 '),
	('SQ1417', 'SWRK3401 '),
	('SQ1417', 'SWRK3401L '),
	('SQ1417', 'SWRK 4101 '),
	('SQ1417', 'SPAN '),
	('SQ1417', 'SWRK 3502 '),
	('SQ1417', 'SWRK3452 '),
	('SQ1417', 'SWRK3452L '),
	('SQ1417', 'SWRK 3552 S'),
	('SQ1417', 'Elective '),
	('TQ1418', 'MATH1151 '),
	('TQ1418', 'MATH1201 '),
	('TQ1418', 'ENGL1014 '),
	('TQ1418', 'CMPS1124 '),
	('TQ1418', 'ECON1014 '),
	('TQ1418', 'STAT1014 '),
	('TQ1418', 'MATH1302 '),
	('TQ1418', 'CMPS1171 '),
	('TQ1418', 'CMPS2122 '),
	('TQ1418', 'ENGL1025 '),
	('TQ1418', 'MATH2201 '),
	('TQ1418', 'SPAN2015 '),
	('TQ1418', 'MATH2151'),
	('TQ1418', 'MGMT1014 '),
	('TQ1418', 'NRMP1014 '),
	('TQ1418', 'SOCL1014 '),
	('TQ1418', 'MATH2352'),
	('TQ1418', 'STAT2151 '),
	('TQ1418', 'RSCH2014 '),
	('TQ1418', 'ENGL2105 '),
	('TQ1418', 'HIS1014 '),
	('TQ1418', 'PHIL1014 '),
	('TQ1418', 'ENGL 3155 '),
	('TQ1418', 'MATH 3151 '),
	('TQ1418', 'STAT3011 '),
	('TQ1418', 'MATH 3251 '),
	('TQ1418', 'STAT3021 '),
	('TQ1418', 'STAT3071 '),
	('TQ1418', 'MATH 3302 '),
	('TQ1418', 'STAT3042 '),
	('TQ1418', 'NRMP3401 '),
	('TQ1418', 'STAT3052 '),
	('TQ1418', 'STAT3062 '),
	('TQ1418', 'STAT3031 '),
	('TQ1418', 'ATH 4151 '),
	('TQ1418', 'STAT 4121 '),
	('TQ1418', 'STAT 4051 '),
	('TQ1418', 'STAT4101 '),
	('TQ1418', 'STAT4041 '),
	('TQ1418', 'STAT4131 '),
	('TQ1418', 'MATH 4992 '),
	('RP1419', 'ACTG 1014 '),
	('RP1419', 'SPAN 2015 '),
	('RP1419', 'ENGL1014 '),
	('RP1419', 'TOUR 1014 '),
	('RP1419', 'MGMT1014 '),
	('RP1419', 'CMPS1014 '),
	('RP1419', 'ACTG 1054 '),
	('RP1419', 'ENGL1025 '),
	('RP1419', 'SOCL 1014 '),
	('RP1419', 'MATH 1014 '),
	('RP1419', 'CMPS 1024 '),
	('RP1419', 'MGMT 2015 '),
	('RP1419', 'MATH2025 '),
	('RP1419', 'BLAW 2014 '),
	('RP1419', 'ECON 2015 '),
	('RP1419', 'FNAN 2014 '),
	('RP1419', 'MKTG 2015 '),
	('RP1419', 'ENGL 1035 '),
	('RP1419', 'MGMT 2055 '),
	('RP1419', 'RSCH 2014 '),
	('RP1419', 'NRMP 1014 '),
	('RP1419', 'PSYC 1014 '),
	('RP1419', 'TOUR 3011 '),
	('RP1419', 'MGMT 3015 '),
	('RP1419', 'TOUR 3051 '),
	('RP1419', 'ENGL2105 '),
	('RP1419', 'TOUR 3101 '),
	('RP1419', 'ENGL 3155 '),
	('RP1419', 'HOSP 3302 '),
	('RP1419', 'MGMT 3105 '),
	('RP1419', 'CMPS 3012 '),
	('RP1419', 'TOUR 3203 '),
	('RP1419', 'TOUR 3302 '),
	('RP1419', 'TOUR 3252 '),
	('RP1419', 'TOUR 4011 '),
	('RP1419', 'TOUR4052 '),
	('RP1419', 'TOUR 4102 '),
	('RP1419', 'MGMT 4015 '),
	('RP1419', 'RSCH 4015 '),
	('RP1419', 'MGMT 4105 '),
	('RP1419', 'HOSP 4152 '),
	('RP1419', 'MGMT 4155 '),
	('RP1419', 'MGMT 4995 '),
	('RP1419', 'MGMT 4205 '),
	('SQ1418', 'AGSC1201'),
	('SQ1418', 'PRCE1202'),
	('SQ1418', 'NUMF1203'),
	('SQ1418', 'AAGR 2211 '),
	('SQ1418', 'ISDR1205'),
	('SQ1418', 'FSFS1206'),
	('SQ1418', 'INCS1207'),
	('SQ1418', 'PRCE1208'),
	('SQ1418', 'AGCI1209'),
	('SQ1418', 'PHPT1210'),
	('SQ1418', 'ANPD1211'),
	('SQ1418', 'ABMG1210'),
	('TQ1419', 'EMAT1101 '),
	('TQ1419', 'LING1152 '),
	('TQ1419', 'ECED 1051 '),
	('TQ1419', 'ECED 1101 '),
	('TQ1419', 'ECED 2202 '),
	('TQ1419', 'ECED 2302 '),
	('TQ1419', 'ESCI1101 '),
	('TQ1419', 'ECED 3552 '),
	('TQ1419', 'ECED 1151 '),
	('TQ1419', 'ECED 3602 '),
	('TQ1419', 'ECED 2152 '),
	('TQ1419', 'ECED 2252 '),
	('TQ1419', 'ECED 3401 '),
	('TQ1419', 'ECED 3451 '),
	('TQ1419', 'ECED 3351 '),
	('TQ1419', 'ECED 3653 '),
	('RP1420', 'CMPS1124'),
	('RP1420', 'NRMP3401 '),
	('RP1420', 'CGIS3601 '),
	('RP1420', 'CGIS3451 '),
	('RP1420', 'CGIS 3501 '),
	('RP1420', 'CGIS 3652 '),
	('RP1420', 'CGIS 3702 '),
	('RP1420', 'CGIS 3552 '),
	('RP1420', 'CGIS 3992 '),
	('SQ1419', 'MIDW 3101 '),
	('SQ1419', 'MIDW3151'),
	('SQ1419', 'MIDW3151L'),
	('SQ1419', 'MIDW3201'),
	('SQ1419', 'MIDW3201L'),
	('SQ1419', 'MIDW3251'),
	('SQ1419', 'MIDW3251L'),
	('SQ1419', 'MIDW3302 '),
	('SQ1419', 'MIDW3302L '),
	('SQ1419', 'MIDW3352 '),
	('SQ1419', 'MIDW3992 '),
	('SQ1419', 'MIDW3451'),
	('SQ1419', 'MIDW3451L'),
	('SQ1419', 'MIDW3501'),
	('SQ1419', 'MIDW3501L'),
	('SQ1419', 'MIDW3993'),
	('TQ1420', 'EDUC1051 '),
	('TQ1420', 'EDUC1252 '),
	('TQ1420', 'EDUC1402 '),
	('TQ1420', 'LING1152 '),
	('TQ1420', 'EDUC2151 '),
	('TQ1420', 'ESOC2152 '),
	('TQ1420', 'EENG2151'),
	('TQ1420', 'EMAT1152 '),
	('TQ1420', 'EMAT2151'),
	('TQ1420', 'ESCI1151 '),
	('TQ1420', 'ESCI2152'),
	('TQ1420', 'EENG2202'),
	('TQ1420', 'EDUC2995 '),
	('SQ1420', 'PRAN 1101 '),
	('SQ1420', 'PRAN 1151 '),
	('SQ1420', 'PRAN 1201 '),
	('SQ1420', 'PRAN 1251 '),
	('SQ1420', 'PRAN 1251L '),
	('SQ1420', 'PRAN 1301 '),
	('SQ1420', 'PRAN 1352 '),
	('SQ1420', 'PRAN 1402 '),
	('SQ1420', 'PRAN 1402L '),
	('SQ1420', 'PRAN 1452 '),
	('SQ1420', 'PRAN 1502 '),
	('SQ1420', 'PRAN 1502L '),
	('SQ1420', 'PRAN 1552 '),
	('SQ1420', 'PRAN 1552 L '),
	('SQ1420', 'PRAN 1603 '),
	('SQ1420', 'PRAN 1991P '),
	('TQ1421', 'EDUC3451 '),
	('TQ1421', 'EDUC2224 '),
	('TQ1421', 'EDUC3101 '),
	('TQ1421', 'RSCH2014 '),
	('TQ1421', 'EDUC3451 '),
	('TQ1421', 'EDUC2224 '),
	('TQ1421', 'EDUC3101 '),
	('TQ1421', 'RSCH2014 '),
	('TQ1421', 'EDUC3403 '),
	('TQ1421', 'EDUC3453 '),
	('TQ1421', 'EDUC3252 '),
	('TQ1421', 'EDUC3552 '),
	('TQ1421', 'EDUC3403 '),
	('TQ1421', 'EDUC3453 '),
	('TQ1421', 'EDUC3252 '),
	('TQ1421', 'EDUC3552 '),
	('TQ1421', 'EDUC3403 '),
	('TQ1421', 'EDUC3453 '),
	('TQ1421', 'EDUC3252 '),
	('TQ1421', 'EDUC3552 '),
	('RP1422', 'MGMT5000'),
	('RP1422', 'MGMT5001'),
	('RP1422', 'RSCH5000'),
	('RP1422', 'MATH5101'),
	('RP1422', 'ACTG51015'),
	('RP1422', 'MGMT5101'),
	('RP1422', 'ECON5152'),
	('RP1422', 'MGMT5152'),
	('RP1422', 'BLAW5102'),
	('RP1422', 'CMPS5103'),
	('RP1422', 'MGMT5153'),
	('RP1422', 'FNA5103'),
	('RP1422', 'MKTG6101'),
	('RP1422', 'MGMT6101'),
	('RP1422', 'MGMT6151'),
	('RP1422', 'MGMT6201'),
	('RP1422', 'MGMT6995'),
	('SQ1421', 'MEDI 3001/L '),
	('SQ1421', 'MEDI 3051/L '),
	('SQ1421', 'MEDI 3101 '),
	('SQ1421', 'MEDI 3151 '),
	('SQ1421', 'MEDI 3201'),
	('SQ1421', 'MEDI 3252/L '),
	('SQ1421', 'MEDI 3302 '),
	('SQ1421', 'MEDI 3352/L '),
	('SQ1421', 'MEDI 3402 '),
	('SQ1421', 'ALHL 3002 '),
	('SQ1421', 'ALHL 3052 '),
	('SQ1421', 'MEDI 4051/L '),
	('SQ1421', 'MEDI 4101 '),
	('SQ1421', 'MEDI 4151 '),
	('SQ1421', 'ALHL 4101 '),
	('SQ1421', 'MEDI 4201 '),
	('SQ1421', 'MEDI 4302/L'),
	('SQ1421', 'MEDI 4352'),
	('SQ1421', 'MEDI 4402'),
	('SQ1421', 'MEDI 4452'),
	('SQ1421', 'MEDI 4502/L'),
	('SQ1421', 'MEDI 5051'),
	('SQ1421', 'MEDI 5101'),
	('SQ1421', 'MEDI 5151'),
	('SQ1421', 'MEDI 5201'),
	('SQ1421', 'MEDI 5251/L'),
	('SQ1421', 'ALHL 5301'),
	('SQ1421', 'ALHL 5351'),
	('SQ1421', 'MEDI 5992'),
	('SQ1421', 'MEDI 5994 '),
	('SQ1421', 'MEDI 6991 '),
	('SQ1421', 'MEDI 6994'),
	('SQ1421', 'MEDI 7102 '),
	('SQ1421', 'MEDI 7152 '),
	('SQ1421', 'MEDI 7202 '),
	('SQ1421', 'MEDI 7252 '),
	('SQ1421', 'MEDI 7302 '),
	('SQ1421', 'MEDI 7855'),
	('TQ1422', 'EDLD 5013 '),
	('TQ1422', 'EDLD 5021 '),
	('TQ1422', 'EDLD 5022'),
	('TQ1422', 'EDLD 5031 '),
	('TQ1422', 'EDLD 5032 '),
	('TQ1422', 'EDLD 5041'),
	('TQ1422', 'EDLD 5051 '),
	('TQ1422', 'EDLD 5052'),
	('TQ1422', 'EDLD 5061 ');
/*!40000 ALTER TABLE `programsequencecourses` ENABLE KEYS */;

-- Dumping structure for table db.questions
DROP TABLE IF EXISTS `questions`;
CREATE TABLE IF NOT EXISTS `questions` (
  `id` int(11) NOT NULL AUTO_INCREMENT,
  `questions` varchar(255) DEFAULT NULL,
  PRIMARY KEY (`id`)
) ENGINE=InnoDB AUTO_INCREMENT=4 DEFAULT CHARSET=utf8mb4;

-- Dumping data for table db.questions: ~3 rows (approximately)
DELETE FROM `questions`;
/*!40000 ALTER TABLE `questions` DISABLE KEYS */;
INSERT INTO `questions` (`id`, `questions`) VALUES
	(1, ' What is your favorite food? '),
	(2, ' What is your hobby? '),
	(3, ' What is you dog/cat name? ');
/*!40000 ALTER TABLE `questions` ENABLE KEYS */;

-- Dumping structure for table db.role
DROP TABLE IF EXISTS `role`;
CREATE TABLE IF NOT EXISTS `role` (
  `id` int(11) NOT NULL AUTO_INCREMENT,
  `name` varchar(255) DEFAULT NULL,
  PRIMARY KEY (`id`)
) ENGINE=InnoDB AUTO_INCREMENT=4 DEFAULT CHARSET=utf8mb4;

-- Dumping data for table db.role: ~3 rows (approximately)
DELETE FROM `role`;
/*!40000 ALTER TABLE `role` DISABLE KEYS */;
INSERT INTO `role` (`id`, `name`) VALUES
	(1, 'Student'),
	(2, 'Lecturer'),
	(3, 'Admin');
/*!40000 ALTER TABLE `role` ENABLE KEYS */;

-- Dumping structure for table db.securityquestions
DROP TABLE IF EXISTS `securityquestions`;
CREATE TABLE IF NOT EXISTS `securityquestions` (
  `userId` int(11) NOT NULL,
  `questionId` int(11) DEFAULT NULL,
  `answer` varchar(255) DEFAULT NULL,
  KEY `questionId` (`questionId`),
  KEY `userId` (`userId`),
  CONSTRAINT `securityquestions_ibfk_1` FOREIGN KEY (`userId`) REFERENCES `users` (`id`),
  CONSTRAINT `securityquestions_ibfk_2` FOREIGN KEY (`questionId`) REFERENCES `questions` (`id`)
) ENGINE=InnoDB DEFAULT CHARSET=utf8mb4;

-- Dumping data for table db.securityquestions: ~52 rows (approximately)
DELETE FROM `securityquestions`;
/*!40000 ALTER TABLE `securityquestions` DISABLE KEYS */;
INSERT INTO `securityquestions` (`userId`, `questionId`, `answer`) VALUES
	(78945615, 1, 'usertesting@gmail.com'),
	(78945615, 2, 'usertesting@gmail.com'),
	(78945615, 3, 'usertesting@gmail.com'),
	(2018219412, 1, 'pizza'),
	(2018219412, 2, 'gamming'),
	(2018219412, 3, 'boyan'),
	(0, 1, 'Lec@ub.edu.bz'),
	(0, 2, 'Lec@ub.edu.bz'),
	(0, 3, 'Lec@ub.edu.bz'),
	(2018219414, 1, 'LEctur@edu.bz'),
	(2018219414, 3, 'LEctur@edu.bz'),
	(2018219414, 2, 'LEctur@edu.bz'),
	(2018219415, 1, 'Test@ub.edu.bz'),
	(2018219415, 2, 'Test@ub.edu.bz'),
	(2018219415, 3, 'Test@ub.edu.bz'),
	(78945615, 1, 'usertesting@gmail.com'),
	(78945615, 2, 'usertesting@gmail.com'),
	(78945615, 3, 'usertesting@gmail.com'),
	(201534655, 1, 'Bachelor@gmail.com'),
	(201534655, 2, 'Bachelor@gmail.com'),
	(201534655, 3, 'Bachelor@gmail.com'),
	(201578452, 1, 'userId@gmail.com'),
	(201578452, 2, 'userId@gmail.com'),
	(201578452, 3, 'userId@gmail.com'),
	(201548732, 1, 'QString@gmail.com'),
	(201548732, 2, 'QString@gmail.com'),
	(201548732, 3, 'QString@gmail.com'),
	(23564202, 1, 'yr@gmil.com'),
	(23564202, 2, 'yr@gmil.com'),
	(23564202, 3, 'yr@gmil.com'),
	(201478953, 1, 'yr@gmil.com'),
	(201478953, 2, 'yr@gmil.com'),
	(201478953, 3, 'yr@gmil.com'),
	(20166574, 1, 'admissionYear@gmail.com'),
	(20166574, 2, 'admissionYear@gmail.com'),
	(20166574, 3, 'admissionYear@gmail.com'),
	(201365842, 1, 'admission@gmail.com'),
	(201365842, 2, 'admission@gmail.com'),
	(201365842, 3, 'admission@gmail.com'),
	(20153122, 1, 'algo@gmail.cm'),
	(20153122, 2, 'algo@gmail.cm'),
	(20153122, 3, 'algo@gmail.cm'),
	(23658452, 1, 'algo@gmail.cm'),
	(23658452, 2, 'algo@gmail.cm'),
	(23658452, 3, 'algo@gmail.cm'),
	(201357863, 1, 'yr@gmil.com'),
	(201357863, 2, 'yr@gmil.com'),
	(201357863, 3, 'yr@gmil.com'),
	(20315468, 1, 'yr@gmil.com'),
	(20315468, 2, 'yr@gmil.com'),
	(20315468, 3, 'yr@gmil.com'),
	(20157894, 1, 'userTesting@gmail.com'),
	(20157894, 2, 'userTesting@gmail.com'),
	(20157894, 3, 'userTesting@gmail.com'),
	(128454856, 1, 'TQ1404@gmm.com'),
	(128454856, 2, 'TQ1404@gmm.com'),
	(128454856, 3, 'TQ1404@gmm.com'),
	(63548722, 1, 'testuser@gmail.com'),
	(63548722, 2, 'testuser@gmail.com'),
	(63548722, 3, 'testuser@gmail.com'),
	(20136575, 1, 'miguel@gmail.com'),
	(20136575, 2, 'miguel@gmail.com'),
	(20136575, 3, 'miguel@gmail.com'),
	(2018219418, 1, 'dgracia@ub.edu.com'),
	(2018219418, 2, 'dgracia@ub.edu.com'),
	(2018219418, 3, 'dgracia@ub.edu.com');
/*!40000 ALTER TABLE `securityquestions` ENABLE KEYS */;

-- Dumping structure for table db.student
DROP TABLE IF EXISTS `student`;
CREATE TABLE IF NOT EXISTS `student` (
  `userid` int(11) NOT NULL AUTO_INCREMENT,
  `id` int(11) DEFAULT NULL,
  `programSequenceid` varchar(255) DEFAULT NULL,
  `admissionYear` int(11) DEFAULT NULL,
  `advisorID` int(11) DEFAULT NULL,
  PRIMARY KEY (`userid`),
  KEY `programSequenceid` (`programSequenceid`),
  KEY `advisorID` (`advisorID`),
  CONSTRAINT `student_ibfk_1` FOREIGN KEY (`programSequenceid`) REFERENCES `programsequence` (`id`),
  CONSTRAINT `student_ibfk_2` FOREIGN KEY (`advisorID`) REFERENCES `lecturer` (`id`),
  CONSTRAINT `student_ibfk_3` FOREIGN KEY (`userid`) REFERENCES `users` (`id`)
) ENGINE=InnoDB AUTO_INCREMENT=201578453 DEFAULT CHARSET=utf8mb4;

-- Dumping data for table db.student: ~13 rows (approximately)
DELETE FROM `student`;
/*!40000 ALTER TABLE `student` DISABLE KEYS */;
INSERT INTO `student` (`userid`, `id`, `programSequenceid`, `admissionYear`, `advisorID`) VALUES
	(1, 0, 'RP1413', 20201, 2018219415),
	(2, NULL, 'RP1425', 20201, 2018219413),
	(3, 100056, 'TQ1404', 2016, 2018219416),
	(20136575, NULL, 'SQ1425', 2016, NULL),
	(20153122, NULL, 'RP1407', 2019, NULL),
	(20157894, NULL, 'TQ1404', 2019, NULL),
	(20166574, NULL, 'RP1425', 2016, NULL),
	(20315468, NULL, 'RP1444', 2016, NULL),
	(23564202, NULL, 'SQ1408', 2019, NULL),
	(23658452, NULL, 'TQ1404', 2019, NULL),
	(63548722, NULL, 'SQ1425', 2016, NULL),
	(128454856, NULL, 'SQ1425', 2016, NULL),
	(201357863, NULL, 'TQ1404', 2019, NULL),
	(201365842, NULL, 'TQ1404', 2019, NULL),
	(201478953, NULL, 'SQ1404', 2019, NULL),
	(201548732, NULL, 'TQ1404', 2019, NULL);
/*!40000 ALTER TABLE `student` ENABLE KEYS */;

-- Dumping structure for table db.studentcourses
DROP TABLE IF EXISTS `studentcourses`;
CREATE TABLE IF NOT EXISTS `studentcourses` (
  `studentid` int(11) NOT NULL,
  `courseid` varchar(11) DEFAULT NULL,
  `courseGrade` varchar(11) DEFAULT NULL,
  `courseRating` varchar(11) DEFAULT NULL,
  `isTransferred` varchar(11) DEFAULT NULL,
  KEY `courseid` (`courseid`),
  KEY `studentcourses_ibfk_1` (`studentid`),
  CONSTRAINT `studentcourses_ibfk_1` FOREIGN KEY (`studentid`) REFERENCES `student` (`userid`),
  CONSTRAINT `studentcourses_ibfk_2` FOREIGN KEY (`courseid`) REFERENCES `courses` (`id`)
) ENGINE=InnoDB DEFAULT CHARSET=utf8mb4;

-- Dumping data for table db.studentcourses: ~18 rows (approximately)
DELETE FROM `studentcourses`;
/*!40000 ALTER TABLE `studentcourses` DISABLE KEYS */;
INSERT INTO `studentcourses` (`studentid`, `courseid`, `courseGrade`, `courseRating`, `isTransferred`) VALUES
	(3, 'AAGR 1131 ', '3', '4', '1'),
	(20136575, 'ENGL1025', '1', '4.5', '0'),
	(20315468, 'ENGL1025', 'B', '4.5', '0'),
	(20136575, 'ENGL1025 ', 'B', 'Fair', '0'),
	(20136575, 'MATH1302 ', 'A', 'Good', '0'),
	(20136575, 'MATH1201 ', 'TR', 'Good', '0'),
	(20136575, 'MATH1201 ', 'TR', 'Fair', '1'),
	(20136575, 'ENGL1025 ', 'A', 'Excellent', '0'),
	(20136575, 'ENGL1025 ', 'A-', 'Excellent', '0'),
	(20136575, 'ENGL1025 ', 'A-', 'Excellent', '0'),
	(20136575, 'ENGL1025 ', 'TR', 'Good', '1'),
	(20136575, 'ENGL1025 ', 'A', 'Bad', '0'),
	(20136575, 'ENGL1025 ', 'D', 'Bad', '0'),
	(20136575, 'ENGL1025 ', 'D', 'Good', '0'),
	(20136575, 'ENGL1025 ', 'B', 'Excellent', '0'),
	(20136575, 'ENGL1025 ', 'A', 'Excellent', '0'),
	(20136575, 'MATH1151 ', 'A', 'Excellent', '0'),
	(20136575, 'ENGL1025 ', 'A', 'Bad', '0'),
	(20136575, 'ENGL1025 ', 'A-', 'Fair', '0'),
	(20136575, 'ENGL1025 ', 'B', 'Fair', '0');
/*!40000 ALTER TABLE `studentcourses` ENABLE KEYS */;

-- Dumping structure for table db.studentinstituations
DROP TABLE IF EXISTS `studentinstituations`;
CREATE TABLE IF NOT EXISTS `studentinstituations` (
  `studentid` int(11) NOT NULL,
  `institutionid` varchar(11) DEFAULT NULL,
  PRIMARY KEY (`studentid`),
  KEY `institutionid` (`institutionid`),
  CONSTRAINT `studentinstituations_ibfk_1` FOREIGN KEY (`institutionid`) REFERENCES `instituations` (`id`),
  CONSTRAINT `studentinstituations_ibfk_2` FOREIGN KEY (`studentid`) REFERENCES `student` (`userid`)
) ENGINE=InnoDB DEFAULT CHARSET=utf8mb4;

-- Dumping data for table db.studentinstituations: ~0 rows (approximately)
DELETE FROM `studentinstituations`;
/*!40000 ALTER TABLE `studentinstituations` DISABLE KEYS */;
INSERT INTO `studentinstituations` (`studentid`, `institutionid`) VALUES
	(3, '1056');
/*!40000 ALTER TABLE `studentinstituations` ENABLE KEYS */;

-- Dumping structure for table db.users
DROP TABLE IF EXISTS `users`;
CREATE TABLE IF NOT EXISTS `users` (
  `id` int(11) NOT NULL AUTO_INCREMENT,
  `personId` int(11) DEFAULT NULL,
  `username` varchar(255) DEFAULT NULL,
  `password` varchar(255) DEFAULT NULL,
  `email` varchar(255) DEFAULT NULL,
  `createdAt` timestamp NULL DEFAULT NULL,
  `loginStatusId` int(11) DEFAULT NULL,
  `statusId` int(11) DEFAULT NULL,
  `roleId` int(11) DEFAULT NULL,
  `activeUser` tinyint(4) NOT NULL,
  PRIMARY KEY (`id`),
  KEY `personId` (`personId`),
  KEY `roleId` (`roleId`),
  KEY `statusId` (`statusId`),
  KEY `loginStatusId` (`loginStatusId`),
  CONSTRAINT `users_ibfk_1` FOREIGN KEY (`loginStatusId`) REFERENCES `loginstatus` (`id`),
  CONSTRAINT `users_ibfk_2` FOREIGN KEY (`personId`) REFERENCES `person` (`id`),
  CONSTRAINT `users_ibfk_3` FOREIGN KEY (`roleId`) REFERENCES `role` (`id`),
  CONSTRAINT `users_ibfk_4` FOREIGN KEY (`statusId`) REFERENCES `userstatus` (`id`),
  CONSTRAINT `users_ibfk_5` FOREIGN KEY (`loginStatusId`) REFERENCES `loginstatus` (`id`)
) ENGINE=InnoDB AUTO_INCREMENT=2018219419 DEFAULT CHARSET=utf8mb4;

-- Dumping data for table db.users: ~28 rows (approximately)
DELETE FROM `users`;
/*!40000 ALTER TABLE `users` DISABLE KEYS */;
INSERT INTO `users` (`id`, `personId`, `username`, `password`, `email`, `createdAt`, `loginStatusId`, `statusId`, `roleId`, `activeUser`) VALUES
	(1, 1, 'Admin', 'Admin', 'Admin@test.com', '2021-04-15 22:02:27', NULL, NULL, 3, 1),
	(2, 1, 'mavila', 'admin', 'mavila@yahoo.com', '2021-04-15 21:54:53', NULL, NULL, 1, 1),
	(3, 2, 'federico', 'federico', 'federico@gmail.com', '2021-04-15 22:01:07', NULL, NULL, 1, 1),
	(4, 12, 'test', 'test', 'test@gmail.com', '2021-04-15 22:01:07', NULL, NULL, 1, 1),
	(95124, 13, 'userID', 'userID', 'userID@gmail.com', '2021-04-17 02:58:41', NULL, NULL, 1, 1),
	(20136575, 58, 'miguel', 'miguel', 'miguel@gmail.com', '2021-05-02 22:25:55', NULL, NULL, 1, 1),
	(20153122, 44, 'algo@gmail.cm', 'algo@gmail.cm', 'algo@gmail.cm', '2021-05-01 13:04:42', NULL, NULL, 1, 1),
	(20157894, 52, 'userTesting', 'userTesting', 'userTesting@gmail.com', '2021-05-01 19:21:41', NULL, NULL, 1, 1),
	(20166574, 40, 'admissionYear@gmail.com', 'admissionYear@gmail.com', 'admissionYear@gmail.com', '2021-05-01 12:27:58', NULL, NULL, 1, 1),
	(20315468, 50, 'yr', 'yr', 'yr@gmil.com', '2021-05-01 19:19:45', NULL, NULL, 1, 1),
	(20917542, 11, 'Fredz', 'Fredz', 'Fredz@gmai.com', '2021-04-17 02:54:10', NULL, NULL, 1, 1),
	(23564202, 36, 'yr@gmil.com', 'yr@gmil.com', 'yr@gmil.com', '2021-05-01 12:06:48', NULL, NULL, 1, 1),
	(23658452, 46, 'algo@gmail.cm', 'algo@gmail.cm', 'algo@gmail.cm', '2021-05-01 13:09:01', NULL, NULL, 1, 1),
	(63548722, 56, 'testuser', 'testuser', 'testuser@gmail.com', '2021-05-02 01:02:38', NULL, NULL, 1, 1),
	(78945226, 15, 'test2@gmail.com', 'test2@gmail.com', 'test2@gmail.com', '2021-04-17 03:07:08', NULL, NULL, 1, 1),
	(78945615, 17, 'usertesting', 'usertesting', 'usertesting@gmail.com', '2021-04-17 03:15:33', NULL, NULL, 1, 1),
	(128454856, 54, 'TQ1404', 'TQ1404', 'TQ1404@gmm.com', '2021-05-01 19:26:48', NULL, NULL, 1, 1),
	(201357863, 48, 'yr@gmil.com', 'yr@gmil.com', 'yr@gmil.com', '2021-05-01 19:18:14', NULL, NULL, 1, 1),
	(201365842, 42, 'admission@gmail.com', 'admission@gmail.com', 'admission@gmail.com', '2021-05-01 12:30:40', NULL, NULL, 1, 1),
	(201478953, 38, 'yr@gmil.com', 'yr@gmil.com', 'yr@gmil.com', '2021-05-01 12:08:15', NULL, NULL, 1, 1),
	(201534655, 28, 'Bachelor@gmail.com', 'Bachelor@gmail.com', 'Bachelor@gmail.com', '2021-05-01 11:54:01', NULL, NULL, 1, 1),
	(201548732, 34, 'QString@gmail.com', 'QString@gmail.com', 'QString@gmail.com', '2021-05-01 12:04:31', NULL, NULL, 1, 1),
	(201578452, 30, 'userId@gmail.com', 'userId@gmail.com', 'userId@gmail.com', '2021-05-01 11:55:24', NULL, NULL, 1, 1),
	(2018219412, 19, 'Mavila', 'test', '2018219412@ub.edu.bz', '2021-04-17 03:53:12', NULL, NULL, 1, 1),
	(2018219413, 21, 'Lec', 'Lec', 'Lec@ub.edu.bz', '2021-04-17 03:55:27', NULL, NULL, 2, 1),
	(2018219414, 23, 'LEctur', 'test', 'LEctur@edu.bz', '2021-04-17 04:10:33', NULL, NULL, 2, 1),
	(2018219415, 25, 'Test1', 'Test', 'Test@ub.edu.bz', '2021-04-17 04:58:34', NULL, NULL, 2, 1),
	(2018219416, 27, 'hellheaven', '2019hell', 'hellheavenearth@gmail.com', '2021-05-01 10:30:31', NULL, NULL, 2, 1),
	(2018219418, 61, 'DGarcia', 'pass', 'dgracia@ub.edu.com', '2021-05-03 13:39:59', NULL, NULL, 2, 1);
/*!40000 ALTER TABLE `users` ENABLE KEYS */;

-- Dumping structure for table db.userstatus
DROP TABLE IF EXISTS `userstatus`;
CREATE TABLE IF NOT EXISTS `userstatus` (
  `id` int(11) NOT NULL AUTO_INCREMENT,
  `status` varchar(255) DEFAULT NULL,
  PRIMARY KEY (`id`)
) ENGINE=InnoDB AUTO_INCREMENT=193 DEFAULT CHARSET=utf8mb4;

-- Dumping data for table db.userstatus: ~85 rows (approximately)
DELETE FROM `userstatus`;
/*!40000 ALTER TABLE `userstatus` DISABLE KEYS */;
INSERT INTO `userstatus` (`id`, `status`) VALUES
	(96, NULL),
	(97, NULL),
	(98, NULL),
	(99, NULL),
	(100, NULL),
	(101, NULL),
	(102, NULL),
	(103, NULL),
	(104, NULL),
	(105, NULL),
	(106, NULL),
	(107, NULL),
	(108, NULL),
	(109, NULL),
	(110, NULL),
	(111, NULL),
	(112, NULL),
	(113, NULL),
	(114, NULL),
	(115, NULL),
	(116, NULL),
	(117, NULL),
	(118, NULL),
	(119, NULL),
	(120, NULL),
	(121, NULL),
	(122, NULL),
	(123, NULL),
	(124, NULL),
	(125, NULL),
	(126, NULL),
	(127, NULL),
	(128, NULL),
	(129, NULL),
	(130, NULL),
	(131, NULL),
	(132, NULL),
	(133, NULL),
	(134, NULL),
	(135, NULL),
	(136, NULL),
	(137, NULL),
	(138, NULL),
	(139, NULL),
	(140, NULL),
	(141, NULL),
	(142, NULL),
	(143, NULL),
	(144, NULL),
	(145, NULL),
	(146, NULL),
	(147, NULL),
	(148, NULL),
	(149, NULL),
	(150, NULL),
	(151, NULL),
	(152, NULL),
	(153, NULL),
	(154, NULL),
	(155, NULL),
	(156, NULL),
	(157, NULL),
	(158, NULL),
	(159, NULL),
	(160, NULL),
	(161, NULL),
	(162, NULL),
	(163, NULL),
	(164, NULL),
	(165, NULL),
	(166, NULL),
	(167, NULL),
	(168, NULL),
	(169, NULL),
	(170, NULL),
	(171, NULL),
	(172, NULL),
	(173, NULL),
	(174, NULL),
	(175, NULL),
	(176, NULL),
	(177, NULL),
	(178, NULL),
	(179, NULL),
	(180, NULL),
	(181, NULL),
	(182, NULL),
	(183, NULL),
	(184, NULL),
	(185, NULL),
	(186, NULL),
	(187, NULL),
	(188, NULL),
	(189, NULL),
	(190, NULL),
	(191, NULL),
	(192, NULL);
/*!40000 ALTER TABLE `userstatus` ENABLE KEYS */;

/*!40101 SET SQL_MODE=IFNULL(@OLD_SQL_MODE, '') */;
/*!40014 SET FOREIGN_KEY_CHECKS=IFNULL(@OLD_FOREIGN_KEY_CHECKS, 1) */;
/*!40101 SET CHARACTER_SET_CLIENT=@OLD_CHARACTER_SET_CLIENT */;
/*!40111 SET SQL_NOTES=IFNULL(@OLD_SQL_NOTES, 1) */;
